RANK_BALANCED,LGA_CODE,LGA_NAME,STATE,SCORE_BALANCED,SCORE_MARKET_SIZE,SCORE_YOUTH_INTENSITY,SCORE_GROWTH_MOMENTUM,SCORE_GROWTH_ABSOLUTE,SCORE_GROWTH_RATE,AGE_5_14_2024,AGE_5_14_SHARE_TOTAL_PCT,AGE_5_14_CHANGE_5Y,AGE_5_14_GROWTH_5Y_PCT,TOTAL_POP_2025,RANK_GROWTH_LED,RANK_SCALE_LED,RANK_INTENSITY_LED,SCORE_GROWTH_LED,SCORE_SCALE_LED,SCORE_INTENSITY_LED,TOP20_SCENARIO_APPEARANCES,ROBUSTNESS_LABEL
1,27260,Wyndham,Victoria,99.26940639269407,98.08219178082192,100.0,99.72602739726028,100.0,99.45205479452055,56395.0,16.818263151616367,13313.0,30.901536604614456,347830.0,1,1,1,99.36986301369865,98.94520547945206,99.35616438356165,4,Robust Top-20
2,24650,Melton,Victoria,98.21917808219177,96.16438356164385,98.9041095890411,99.58904109589042,99.45205479452055,99.72602739726028,35427.0,16.18454594461246,8438.0,31.264589277112897,231567.0,2,3,2,98.59589041095893,97.77397260273973,98.25342465753425,4,Robust Top-20
3,10750,Blacktown,New South Wales,97.21461187214612,99.17808219178083,94.24657534246576,98.21917808219179,99.72602739726028,96.7123287671233,66024.0,15.02074839836925,9571.0,16.953926274954387,449385.0,3,2,3,97.66438356164385,98.10273972602741,96.71917808219177,4,Robust Top-20
4,33960,Ipswich,Queensland,96.57534246575342,96.7123287671233,96.98630136986301,96.02739726027397,97.53424657534246,94.52054794520548,39679.0,15.31215510122176,4829.0,13.856527977044477,268272.0,6,6,4,96.39041095890411,96.51369863013699,96.66438356164385,4,Robust Top-20
5,11450,Camden,New South Wales,96.39269406392694,91.23287671232877,98.63013698630137,99.31506849315068,98.63013698630137,100.0,22838.0,16.167579889280606,6449.0,39.34956373177131,146483.0,4,9,5,97.15753424657534,95.17123287671232,96.58219178082192,4,Robust Top-20
6,21610,Casey,Victoria,96.39269406392694,98.9041095890411,92.87671232876711,97.3972602739726,99.17808219178083,95.61643835616438,60353.0,14.931174049004472,7925.0,15.115968566414892,414929.0,5,4,6,96.86986301369863,97.47260273972603,95.81506849315069,4,Robust Top-20
7,34590,Logan,Queensland,95.89041095890411,98.63013698630137,92.6027397260274,96.43835616438356,98.9041095890411,93.97260273972603,58211.0,14.86620390943034,6746.0,13.107937433207034,403515.0,8,5,7,96.21917808219177,96.95890410958904,95.36986301369862,4,Robust Top-20
8,23270,Hume,Victoria,95.57077625570776,96.98630136986301,92.05479452054794,97.67123287671232,98.35616438356163,96.98630136986301,40078.0,14.801874702230364,5973.0,17.513561061427943,278885.0,7,7,9,96.37671232876713,96.48630136986301,94.93835616438356,4,Robust Top-20
9,17420,The Hills,New South Wales,95.4794520547945,94.79452054794521,93.97260273972603,97.67123287671232,97.80821917808218,97.53424657534246,32413.0,15.018325201669889,4994.0,18.213647470731974,222675.0,9,8,8,96.2123287671233,95.67808219178082,95.14383561643837,4,Robust Top-20
10,50210,Armadale,Western Australia,93.65296803652967,84.93150684931507,98.08219178082192,97.94520547945206,96.7123287671233,99.17808219178083,17292.0,15.773774230330673,3696.0,27.184466019417474,113003.0,10,15,10,94.71917808219179,91.45890410958904,94.10273972602741,4,Robust Top-20
11,14900,Liverpool,New South Wales,93.0593607305936,96.43835616438356,90.41095890410958,92.32876712328768,96.16438356164385,88.4931506849315,36975.0,14.479161363841058,3100.0,9.15129151291513,261231.0,14,11,11,92.97260273972603,94.0958904109589,92.6986301369863,4,Robust Top-20
12,11500,Campbelltown (NSW),New South Wales,92.87671232876711,93.15068493150685,91.23287671232877,94.24657534246575,95.61643835616438,92.87671232876711,27490.0,14.580073722453527,2868.0,11.648119567866136,191285.0,13,12,12,93.36986301369862,93.24657534246575,92.56164383561644,4,Robust Top-20
13,27070,Whittlesea,Victoria,92.28310502283104,95.8904109589041,84.93150684931507,96.02739726027397,97.26027397260275,94.79452054794521,35187.0,13.938868157725857,4315.0,13.977066597564136,259759.0,12,10,16,93.77397260273973,94.2945205479452,90.9931506849315,4,Robust Top-20
14,58050,Swan,Western Australia,91.91780821917808,92.05479452054794,86.3013698630137,97.39726027397259,96.98630136986301,97.80821917808218,25315.0,14.0720193889803,3998.0,18.754984284843083,187090.0,11,13,17,93.84246575342466,93.06164383561642,90.80136986301369,4,Robust Top-20
15,58760,Wanneroo,Western Australia,91.87214611872146,95.61643835616438,89.04109589041096,90.95890410958904,95.34246575342465,86.57534246575342,34092.0,14.287390619237602,2706.0,8.621678455362265,246147.0,17,14,14,91.73972602739727,93.0,91.49315068493149,4,Robust Top-20
16,45680,Playford,South Australia,91.55251141552512,84.10958904109589,95.34246575342465,95.2054794520548,94.24657534246576,96.16438356164385,16891.0,15.157987310760726,2368.0,16.305171107897817,115790.0,16,18,13,92.45890410958904,89.67808219178082,91.93835616438356,4,Robust Top-20
17,21450,Cardinia,Victoria,91.5068493150685,87.3972602739726,91.78082191780823,95.34246575342465,94.79452054794521,95.8904109589041,19236.0,14.786572476189743,2541.0,15.220125786163521,133472.0,15,16,15,92.64383561643837,90.83561643835617,91.35616438356166,4,Robust Top-20
18,57490,Rockingham,Western Australia,88.7214611872146,90.13698630136986,87.94520547945206,88.08219178082192,92.05479452054794,84.10958904109589,22009.0,14.203386767856681,1499.0,7.308629936616285,159934.0,20,20,18,88.56849315068493,89.08904109589041,88.63698630136987,4,Robust Top-20
19,53780,Gosnells,Western Australia,87.67123287671234,88.21917808219179,82.46575342465754,92.32876712328768,93.69863013698631,90.95890410958904,19569.0,13.802856639040733,1890.0,10.690649923638215,144475.0,18,21,21,89.32876712328768,88.79452054794521,86.65753424657535,2,Near Top-20
20,15050,Maitland,New South Wales,86.98630136986301,80.82191780821918,87.67123287671232,92.46575342465754,91.78082191780823,93.15068493150685,13946.0,14.197003013274697,1481.0,11.881267549137585,100439.0,19,27,20,88.5958904109589,85.92465753424656,86.81506849315069,3,Near Top-20
21,57700,Serpentine-Jarrahdale,Western Australia,86.48401826484019,65.20547945205479,99.17808219178083,95.06849315068493,91.23287671232877,98.9041095890411,6343.0,16.35088804681257,1351.0,27.063301282051285,40531.0,21,35,19,88.42465753424659,80.75342465753425,87.95890410958904,1,
22,35010,Moreton Bay,Queensland,85.66210045662099,99.45205479452055,75.06849315068493,82.46575342465754,93.15068493150685,71.78082191780823,68488.0,13.13303700521962,1704.0,2.5515093435553426,532445.0,26,17,24,85.23287671232877,89.84931506849315,84.23287671232876,1,
23,16350,Penrith,New South Wales,85.4337899543379,94.24657534246576,78.35616438356165,83.69863013698631,90.68493150684932,76.71232876712328,30853.0,13.476574443735858,1226.0,4.138117257906639,231701.0,25,22,23,85.26712328767124,88.17123287671234,84.45890410958904,0,
24,24850,Mitchell,Victoria,84.42922374429223,69.31506849315069,88.4931506849315,95.4794520547945,92.6027397260274,98.35616438356163,7980.0,14.229925640614132,1620.0,25.471698113207548,58459.0,22,34,22,87.54109589041096,81.34931506849315,84.48630136986301,0,
25,54830,Kwinana,Western Australia,83.37899543378995,68.76712328767123,86.57534246575342,94.79452054794521,91.5068493150685,98.08219178082192,7742.0,14.100462608822351,1410.0,22.267845862286798,57422.0,23,37,28,86.64383561643837,80.54794520547945,83.2876712328767,0,
26,18400,Wollondilly,New South Wales,83.33333333333334,71.5068493150685,90.68493150684932,87.8082191780822,87.67123287671232,87.94520547945206,8694.0,14.54843621881223,724.0,9.084065244667503,62080.0,27,39,25,84.3082191780822,80.08904109589042,84.2123287671233,0,
27,36720,Sunshine Coast,Queensland,81.9634703196347,97.53424657534246,57.26027397260274,91.0958904109589,96.43835616438356,85.75342465753425,45613.0,12.186279381669152,3479.0,8.256989604594864,381957.0,24,19,37,85.93835616438358,89.23972602739725,77.80136986301369,1,
28,54170,Joondalup,Western Australia,81.82648401826484,90.95890410958904,72.6027397260274,81.91780821917808,88.4931506849315,75.34246575342466,22622.0,12.989652835995727,839.0,3.851627415874765,176595.0,35,29,30,82.31506849315069,85.04109589041096,80.43835616438356,0,
29,14650,Lake Macquarie,New South Wales,81.59817351598173,93.42465753424658,64.38356164383562,86.98630136986301,92.32876712328768,81.64383561643835,27828.0,12.527009507346587,1535.0,5.838055756284943,224540.0,29,24,34,84.07534246575344,86.81506849315069,78.74657534246575,0,
30,33360,Gladstone,Queensland,81.55251141552512,74.79452054794521,92.32876712328768,77.53424657534246,82.1917808219178,72.87671232876713,10076.0,14.828768635300005,320.0,3.2800328003280033,69046.0,42,45,27,79.8082191780822,78.38356164383562,83.36986301369863,0,
31,72800,Palmerston,Northern Territory,81.55251141552512,66.02739726027397,96.43835616438356,82.1917808219178,83.83561643835617,80.54794520547945,6506.0,15.268357935744293,351.0,5.70268074735987,43193.0,37,49,26,81.0,76.24657534246575,83.75342465753425,0,
32,20570,Ballarat,Victoria,80.50228310502283,81.91780821917808,70.68493150684931,88.9041095890411,90.95890410958904,86.84931506849315,15456.0,12.820278867608389,1236.0,8.691983122362869,122661.0,30,31,35,83.51369863013699,82.67808219178082,78.60958904109589,0,
33,11720,Cessnock,New South Wales,79.86301369863014,73.42465753424658,75.89041095890411,90.27397260273973,89.31506849315069,91.23287671232877,9172.0,13.210047240465492,886.0,10.692734733285059,71443.0,31,40,33,83.18493150684932,79.6917808219178,78.74657534246576,0,
34,34770,Mackay,Queensland,79.49771689497717,84.65753424657534,77.8082191780822,76.02739726027397,83.01369863013699,69.04109589041096,17240.0,13.45413964522901,332.0,1.9635675419919567,129253.0,47,36,31,78.54109589041096,80.60958904109589,79.41780821917808,0,
35,54310,Karratha,Western Australia,79.3607305936073,52.602739726027394,99.45205479452055,86.02739726027397,83.28767123287672,88.76712328767124,4075.0,16.379934078302114,344.0,9.22004824443849,25429.0,41,68,29,80.35616438356165,71.32876712328766,82.04109589041096,0,
36,16490,Queanbeyan-Palerang,New South Wales,78.9041095890411,71.78082191780823,73.6986301369863,91.23287671232876,89.86301369863014,92.6027397260274,8709.0,13.074809710399496,904.0,11.582319026265214,67633.0,34,43,38,82.86301369863014,78.87671232876713,77.50684931506848,0,
37,89399,Unincorporated ACT,Australian Capital Territory,78.81278538812785,98.35616438356163,49.589041095890416,88.49315068493149,95.8904109589041,81.0958904109589,56692.0,11.849591371778526,3092.0,5.76865671641791,484630.0,32,23,53,83.17808219178082,87.5890410958904,73.94520547945206,0,
38,51820,Cockburn,Western Australia,78.58447488584476,83.83561643835617,58.35616438356165,93.56164383561645,93.42465753424658,93.69863013698631,16610.0,12.24113788783256,1819.0,12.29801906564803,139499.0,28,30,47,84.08904109589042,83.41780821917808,74.8013698630137,0,
39,24130,Macedon Ranges,Victoria,78.08219178082192,68.21917808219177,86.02739726027397,80.0,82.46575342465754,77.53424657534246,7534.0,14.059904824111225,322.0,4.464780920687743,54464.0,48,54,32,78.26027397260273,75.01369863013699,79.17808219178082,0,
40,16900,Shellharbour,New South Wales,77.89954337899543,76.16438356164383,70.95890410958904,86.57534246575344,87.94520547945206,85.2054794520548,10512.0,12.87146897843735,769.0,7.89284614595094,83228.0,39,41,41,80.84931506849315,79.02739726027397,76.42465753424658,0,
41,22750,Greater Geelong,Victoria,77.35159817351598,95.34246575342465,46.02739726027397,90.68493150684932,95.06849315068493,86.3013698630137,33758.0,11.694079175269161,2624.0,8.428085051711955,295052.0,33,25,64,82.91780821917808,86.31506849315068,71.98630136986301,0,
42,36370,Rockhampton,Queensland,76.80365296803653,77.26027397260275,82.73972602739727,70.41095890410959,76.43835616438356,64.38356164383562,11761.0,13.808852882470354,130.0,1.1177026910841716,85794.0,58,51,36,74.58904109589042,75.68493150684932,78.013698630137,0,
43,51330,Canning,Western Australia,76.80365296803652,79.72602739726027,60.273972602739725,90.41095890410958,90.41095890410958,90.41095890410958,13272.0,12.35754189944134,1204.0,9.976798143851507,109028.0,36,38,56,81.7123287671233,80.54794520547944,73.64383561643835,0,
44,26490,Surf Coast,Victoria,76.57534246575342,60.273972602739725,78.08219178082192,91.36986301369862,87.3972602739726,95.34246575342465,5362.0,13.460862579705779,694.0,14.867180805484148,40265.0,38,58,43,80.93835616438356,73.82876712328766,76.06164383561644,0,
45,12390,Dubbo,New South Wales,76.07305936073058,69.04109589041096,82.1917808219178,76.98630136986301,80.54794520547945,73.42465753424658,7868.0,13.791652789707094,252.0,3.308823529411765,57384.0,57,60,40,76.04109589041096,73.7945205479452,76.94520547945206,0,
46,33430,Gold Coast,Queensland,75.6164383561644,99.72602739726028,43.28767123287671,83.83561643835617,94.52054794520548,73.15068493150685,78949.0,11.62235052687675,2511.0,3.2850153065229337,691230.0,43,28,74,79.69863013698631,85.69863013698631,70.35616438356165,0,
47,22620,Greater Bendigo,Victoria,75.4337899543379,82.73972602739727,65.47945205479452,78.08219178082192,84.65753424657534,71.5068493150685,15725.0,12.550581437111411,388.0,2.529829823303123,126568.0,55,44,54,76.72602739726028,78.52054794520548,73.8082191780822,0,
48,31000,Brisbane,Queensland,75.06849315068493,100.0,38.35616438356164,86.84931506849315,98.08219178082192,75.61643835616438,154379.0,11.40307141849425,5730.0,3.8547181615752546,1375301.0,40,26,81,80.43835616438358,86.15068493150685,68.97260273972603,0,
49,10050,Albury,New South Wales,74.7945205479452,67.94520547945206,68.21917808219177,88.21917808219177,86.84931506849315,89.58904109589041,7461.0,12.695684726381703,661.0,9.720588235294118,59538.0,44,53,58,79.15068493150685,75.08219178082192,73.13698630136986,0,
50,47140,Salisbury,South Australia,74.5662100456621,87.67123287671232,69.58904109589041,66.43835616438356,72.6027397260274,60.273972602739725,19253.0,12.781056446955263,99.0,0.5168633183669207,151019.0,68,47,51,72.37671232876713,77.52739726027397,74.22602739726027,0,
51,44550,Mount Barker,South Australia,74.337899543379,61.64383561643836,71.5068493150685,89.86301369863014,86.3013698630137,93.42465753424658,5633.0,12.886916336848847,615.0,12.255878836189718,45111.0,45,65,59,79.13698630136987,73.0,73.13698630136986,0,
52,22490,Golden Plains,Victoria,74.20091324200914,52.054794520547944,95.61643835616438,74.93150684931507,76.16438356164383,73.6986301369863,3976.0,15.165732158523095,128.0,3.3264033264033266,26620.0,62,85,39,73.34931506849315,66.5958904109589,77.37671232876713,0,
53,55320,Melville,Western Australia,74.10958904109589,80.54794520547945,55.06849315068493,86.7123287671233,89.58904109589041,83.83561643835617,13768.0,12.09076858226781,888.0,6.894409937888199,115945.0,46,42,69,78.84246575342466,78.88356164383562,70.62328767123287,0,
54,14000,Hornsby,New South Wales,73.99543378995435,89.31506849315069,80.0,52.67123287671233,49.726027397260275,55.61643835616439,21123.0,13.639533532214948,-31.0,-0.1465443887680817,155484.0,86,52,44,67.29794520547946,75.09246575342466,75.9623287671233,0,
55,17750,Wagga Wagga,New South Wales,73.9269406392694,73.6986301369863,76.98630136986301,71.0958904109589,75.89041095890411,66.3013698630137,9184.0,13.289728822388794,123.0,1.3574660633484164,69108.0,64,62,48,72.92465753424658,73.28082191780821,74.52739726027397,0,
56,54200,Kalamunda,Western Australia,73.78995433789954,70.41095890410959,74.52054794520548,76.43835616438356,80.27397260273973,72.6027397260274,8402.0,13.11992504684572,250.0,3.0667320902845927,65007.0,59,64,55,74.54794520547946,73.13698630136986,73.76712328767123,0,
57,57280,Port Hedland,Western Australia,73.72146118721462,40.54794520547945,94.79452054794521,85.82191780821918,80.95890410958904,90.68493150684932,2646.0,15.064905488499203,254.0,10.618729096989966,17743.0,56,97,42,76.29794520547946,64.53082191780823,76.27739726027397,0,
58,53800,Greater Geraldton,Western Australia,73.4703196347032,62.465753424657535,80.82191780821918,77.12328767123287,79.17808219178082,75.06849315068493,5848.0,13.758381366898012,210.0,3.7247250798155376,42882.0,61,70,50,74.19863013698631,70.34931506849315,74.39041095890411,0,
59,20830,Baw Baw,Victoria,72.73972602739725,68.4931506849315,62.73972602739726,86.98630136986301,86.57534246575342,87.3972602739726,7714.0,12.483614648908452,637.0,9.000989119683481,62784.0,51,56,72,77.51369863013699,74.1027397260274,70.52739726027397,0,
60,25150,Moorabool,Victoria,72.23744292237443,59.178082191780824,77.26027397260275,80.27397260273972,81.36986301369863,79.17808219178082,5306.0,13.362210078319775,256.0,5.069306930693069,40472.0,60,76,61,74.3972602739726,69.27397260273972,72.58904109589042,0,
61,50280,Augusta Margaret River,Western Australia,72.1917808219178,41.23287671232877,84.65753424657534,90.68493150684932,84.93150684931507,96.43835616438356,2710.0,13.905993431855501,390.0,16.810344827586206,20170.0,52,92,60,77.1164383561644,65.05479452054794,73.13698630136986,0,
62,24210,Manningham,Victoria,71.91780821917807,82.1917808219178,48.76712328767123,84.79452054794521,88.76712328767124,80.82191780821918,15534.0,11.825247596355139,845.0,5.752603989379808,132912.0,53,46,86,76.93835616438358,78.08904109589041,67.80136986301369,0,
63,16260,Parramatta,New South Wales,71.68949771689498,94.52054794520548,33.97260273972603,86.57534246575342,92.87671232876711,80.27397260273973,31046.0,11.272811776068787,1660.0,5.648948478867489,279014.0,49,32,93,78.04109589041096,82.65753424657534,65.28767123287672,0,
64,54280,Kalgoorlie-Boulder,Western Australia,71.64383561643834,55.342465753424655,90.13698630136986,69.45205479452054,70.68493150684931,68.21917808219177,4504.0,14.438211251803173,82.0,1.854364540931705,31268.0,75,91,49,70.06164383561642,65.49999999999999,74.52739726027397,0,
65,11800,Coffs Harbour,New South Wales,71.50684931506848,75.89041095890411,63.287671232876704,75.34246575342465,79.72602739726027,70.95890410958904,10182.0,12.488807663530768,228.0,2.2905364677516573,82109.0,63,59,75,73.06849315068493,73.8082191780822,70.08219178082192,0,
66,60410,Brighton,Tasmania,71.36986301369863,43.28767123287671,91.5068493150685,79.31506849315069,77.26027397260275,81.36986301369863,2988.0,14.701830348356623,164.0,5.807365439093484,20527.0,65,100,52,72.74657534246576,63.130136986301366,73.9931506849315,0,
67,32270,Central Highlands (Qld),Queensland,71.36986301369862,55.89041095890411,97.80821917808218,60.41095890410959,61.64383561643836,59.178082191780824,4551.0,15.53189310945019,18.0,0.3970880211780278,29481.0,90,98,45,66.76027397260273,63.76027397260273,75.88356164383562,0,
68,27170,Wodonga,Victoria,71.0958904109589,63.561643835616444,78.9041095890411,70.82191780821918,73.97260273972603,67.67123287671232,5983.0,13.535280410831843,103.0,1.751700680272109,44717.0,74,81,63,70.62328767123289,68.4041095890411,72.28082191780823,0,
69,51260,Busselton,Western Australia,70.63926940639269,62.73972602739726,72.32876712328768,76.84931506849315,78.9041095890411,74.79452054794521,5863.0,12.974396423908473,205.0,3.6231884057971016,46184.0,66,78,70,72.41780821917808,69.11643835616438,70.58219178082192,0,
70,53990,Harvey,Western Australia,70.25114155251141,54.794520547945204,85.2054794520548,70.75342465753425,72.1917808219178,69.31506849315069,4426.0,14.000569386012085,89.0,2.052109753285681,32208.0,80,94,62,69.6541095890411,64.9417808219178,72.46917808219179,0,
71,15270,Mid-Western,New South Wales,70.22831050228311,49.589041095890416,83.01369863013699,78.08219178082192,77.53424657534246,78.63013698630137,3638.0,13.832173681609063,165.0,4.750935790382954,26472.0,70,96,66,71.94520547945206,64.57534246575342,71.75342465753425,0,
72,13550,Gunnedah,New South Wales,70.09132420091325,33.15068493150685,96.16438356164385,80.95890410958904,76.98630136986301,84.93150684931507,2041.0,15.215446548382285,142.0,7.477619799894682,13502.0,69,121,57,72.04794520547946,59.33561643835616,73.45890410958904,0,
73,37010,Townsville,Queensland,70.09132420091323,92.6027397260274,70.13698630136986,47.534246575342465,40.273972602739725,54.794520547945204,26143.0,12.816955268370167,-60.0,-0.22898141434186925,206260.0,107,61,68,63.321917808219176,73.45890410958904,71.22602739726027,0,
74,14500,Ku-ring-gai,New South Wales,70.04566210045662,86.3013698630137,90.95890410958904,32.87671232876712,16.43835616438356,49.31506849315068,18719.0,14.575368491540072,-179.0,-0.9471901788549052,128542.0,132,82,46,57.849315068493155,68.3013698630137,75.04109589041096,0,
75,34530,Livingstone,Queensland,69.68036529680366,61.09589041095891,69.31506849315069,78.63013698630138,80.0,77.26027397260275,5464.0,12.774115116659654,231.0,4.414293904070323,43668.0,67,80,80,72.38356164383563,68.46575342465754,69.17808219178082,0,
76,17310,Tamworth,New South Wales,69.5662100456621,72.87671232876713,80.27397260273973,55.54794520547945,55.205479452054796,55.89041095890411,9017.0,13.650745590795548,-7.0,-0.07757092198581561,66403.0,99,83,65,64.82534246575344,67.92123287671232,71.87328767123287,0,
77,55110,Mandurah,Western Australia,69.3607305936073,78.08219178082192,40.821917808219176,89.17808219178082,90.13698630136986,88.21917808219179,11923.0,11.536972887194473,995.0,9.105051244509516,106827.0,54,48,96,76.73287671232876,76.37671232876711,64.08904109589041,0,
78,45340,Onkaparinga,South Australia,69.29223744292237,89.86301369863014,51.78082191780822,66.23287671232876,73.01369863013699,59.45205479452055,21922.0,11.96361036678873,100.0,0.4582531390340024,184827.0,81,50,88,69.25,75.88013698630137,66.81849315068493,0,
79,36250,Redland,Queensland,69.08675799086757,89.04109589041096,57.80821917808219,60.41095890410959,63.561643835616444,57.26027397260274,20777.0,12.22607979286807,26.0,0.1252951664980001,172831.0,88,55,85,67.04794520547945,74.33561643835615,67.82876712328766,0,
80,33980,Isaac,Queensland,68.94977168949771,44.93150684931507,87.12328767123287,74.79452054794521,75.06849315068493,74.52054794520548,3270.0,14.119780646832764,112.0,3.546548448385054,23186.0,79,112,67,69.79452054794521,61.71232876712329,71.38356164383562,0,
81,57910,Stirling,Western Australia,68.9041095890411,92.87671232876711,23.28767123287671,90.54794520547945,93.97260273972603,87.12328767123287,26991.0,10.759001710055847,2189.0,8.825901137005081,254821.0,50,33,112,77.67808219178082,81.62328767123287,60.97945205479452,0,
82,36910,Toowoomba,Queensland,66.84931506849315,91.5068493150685,73.15068493150685,35.89041095890411,19.726027397260275,52.054794520547944,24006.0,13.041423332880619,-158.0,-0.6538652540970038,186276.0,136,75,79,57.24657534246576,69.28767123287672,69.34246575342466,0,
83,50250,Ashburton,Western Australia,66.84931506849315,19.17808219178082,93.69863013698631,87.67123287671234,78.08219178082192,97.26027397260275,1233.0,14.974495992227348,187.0,17.877629063097515,8335.0,72,142,77,71.75342465753425,54.328767123287676,69.83561643835617,0,
84,51310,Cambridge,Western Australia,66.80365296803653,55.06849315068493,83.28767123287672,62.054794520547944,63.287671232876704,60.82191780821918,4454.0,13.858551915118703,25.0,0.5644615037254459,32684.0,100,110,78,64.55479452054794,61.746575342465746,69.51369863013699,0,
85,24410,Maroondah,Victoria,66.73515981735159,81.0958904109589,56.71232876712329,62.397260273972606,66.43835616438356,58.35616438356165,14493.0,12.17162725073905,34.0,0.23514765889757244,120247.0,95,69,92,65.93493150684932,70.89383561643835,65.4486301369863,0,
86,59340,Wyndham-East Kimberley,Western Australia,66.71232876712328,20.0,97.53424657534246,82.60273972602741,75.34246575342466,89.86301369863014,1298.0,15.489260143198091,115.0,9.721048182586644,8441.0,76,145,71,69.93835616438358,53.54109589041096,70.54109589041096,0,
87,16150,Orange,New South Wales,66.66666666666667,64.93150684931507,85.75342465753425,49.31506849315069,46.849315068493155,51.78082191780822,6280.0,14.040422106957609,-42.0,-0.6643467257197089,44990.0,119,104,73,60.5068493150685,62.589041095890416,70.3972602739726,0,
88,34580,Lockyer Valley,Queensland,66.1187214611872,62.19178082191781,68.76712328767123,67.3972602739726,69.31506849315069,65.47945205479452,5726.0,12.729253273458863,72.0,1.2734347364697558,46058.0,93,93,89,66.36986301369863,65.0,66.45205479452055,0,
89,23810,Latrobe (Vic.),Victoria,65.8904109589041,73.97260273972603,54.24657534246575,69.45205479452054,74.24657534246575,64.65753424657534,9437.0,12.02563906516808,109.0,1.16852487135506,79112.0,84,73,98,67.54109589041096,69.43150684931506,63.96575342465753,0,
90,17550,Tweed,New South Wales,65.82191780821918,76.98630136986301,44.657534246575345,75.82191780821918,80.95890410958904,70.68493150684931,11724.0,11.685670999122877,254.0,2.214472537053182,101044.0,77,66,106,69.88013698630138,71.72945205479452,62.147260273972606,0,
91,17000,Singleton,New South Wales,65.59360730593608,48.49315068493151,84.38356164383562,63.90410958904109,64.52054794520548,63.287671232876704,3567.0,13.891268790404238,29.0,0.819672131147541,25841.0,103,122,82,64.1472602739726,59.27054794520548,68.49657534246575,0,
92,50980,Broome,Western Australia,65.47945205479452,42.19178082191781,93.15068493150685,61.09589041095891,61.09589041095891,61.09589041095891,2841.0,14.951844639755802,16.0,0.5663716814159292,19193.0,111,133,76,62.780821917808225,56.45205479452055,69.84931506849315,0,
93,47700,Tea Tree Gully,South Australia,64.77168949771689,78.35616438356165,47.94520547945205,68.01369863013699,73.01369863013699,63.013698630136986,12352.0,11.80992446696625,100.0,0.8161932745674175,105120.0,91,71,108,66.58561643835617,70.17465753424658,62.08561643835616,0,
94,30370,Banana,Queensland,64.17808219178082,34.794520547945204,89.86301369863014,67.87671232876713,67.26027397260273,68.4931506849315,2171.0,14.434840425531913,40.0,1.8770530267480057,15144.0,104,140,84,64.00342465753425,54.63356164383562,67.8458904109589,0,
95,12380,Cumberland,New South Wales,63.97260273972603,93.97260273972603,55.61643835616439,42.328767123287676,30.41095890410959,54.24657534246575,30643.0,12.119570161248857,-91.0,-0.29608902193011,256906.0,131,72,99,57.89726027397261,70.14383561643837,63.801369863013704,0,
96,20660,Banyule,Victoria,63.949771689497716,82.46575342465754,51.23287671232877,58.150684931506845,59.31506849315068,56.986301369863014,15704.0,11.945839038490796,12.0,0.07647208768799389,132770.0,109,77,105,62.8458904109589,69.27054794520548,62.33219178082192,0,
97,14750,Leeton,New South Wales,63.51598173515981,28.493150684931507,95.8904109589041,66.16438356164383,64.93150684931507,67.3972602739726,1748.0,15.197356981394542,30.0,1.7462165308498252,11475.0,112,155,83,62.69178082191781,51.787671232876704,68.23972602739725,0,
98,22830,Greater Shepparton,Victoria,63.150684931506845,73.15068493150685,72.87671232876713,43.42465753424658,35.61643835616438,51.23287671232877,9025.0,12.996083174932318,-71.0,-0.7805628847845206,69865.0,138,103,91,56.74657534246576,62.705479452054796,65.59589041095892,0,
99,45890,Port Adelaide Enfield,South Australia,62.96803652968036,81.64383561643835,21.36986301369863,85.89041095890411,89.04109589041096,82.73972602739727,15076.0,10.664063605240075,883.0,6.2213767350102165,143022.0,71,57,138,71.92465753424658,74.08904109589041,55.582191780821915,0,
100,52660,Dardanup,Western Australia,62.96803652968036,35.06849315068493,79.45205479452055,74.38356164383562,71.78082191780823,76.98630136986301,2176.0,13.59575132771009,87.0,4.164672091910005,16280.0,98,137,94,65.56849315068493,55.486301369863014,64.86986301369863,0,
101,72330,MacDonnell,Northern Territory,62.694063926940636,13.150684931506849,96.7123287671233,78.21917808219177,70.41095890410959,86.02739726027397,1045.0,15.275544511036399,80.0,8.290155440414509,6978.0,97,180,87,65.65068493150685,48.458904109589035,67.0205479452055,0,
102,40700,Burnside,South Australia,62.671232876712324,63.287671232876704,61.64383561643836,63.082191780821915,65.61643835616438,60.54794520547945,5957.0,12.429060257052244,33.0,0.5570560432140446,48257.0,110,102,103,62.8458904109589,62.969178082191775,62.496575342465746,0,
103,37340,Whitsunday,Queensland,62.42009132420091,56.43835616438356,46.3013698630137,84.52054794520548,83.56164383561644,85.47945205479452,4756.0,11.703043874111076,350.0,7.9437131184748075,41374.0,78,95,123,69.85616438356165,64.74657534246575,58.897260273972606,0,
104,44060,Marion,South Australia,62.00913242009132,76.43835616438356,24.383561643835616,85.20547945205479,87.12328767123287,83.28767123287672,10806.0,10.805027547520723,687.0,6.7892084198043285,101229.0,73,67,139,70.84931506849315,71.6986301369863,55.205479452054796,0,
105,42030,Gawler,South Australia,61.68949771689497,45.20547945205479,54.52054794520548,85.34246575342465,81.64383561643835,89.04109589041096,3284.0,12.069979417818288,281.0,9.357309357309356,27564.0,82,116,119,69.14383561643837,60.650684931506845,59.43150684931506,0,
106,56230,Murray,Western Australia,61.36986301369862,39.45205479452055,61.09589041095891,83.56164383561644,79.45205479452055,87.67123287671232,2561.0,12.412155285222703,212.0,9.025117071094083,21447.0,83,128,117,68.04109589041096,58.13698630136986,60.21917808219179,0,
107,11570,Canterbury-Bankstown,New South Wales,61.23287671232876,97.80821917808218,65.75342465753424,20.136986301369863,1.9178082191780823,38.35616438356164,48402.0,12.550595739715547,-1165.0,-2.350354066213408,389687.0,171,89,97,48.67808219178082,65.81506849315068,63.96575342465753,0,
108,17150,Sutherland,New South Wales,60.68493150684932,93.69863013698631,57.534246575342465,30.82191780821918,12.054794520547945,49.589041095890416,29124.0,12.195367066981559,-269.0,-0.9151838873201102,241327.0,154,87,110,51.88356164383562,66.26712328767124,61.705479452054796,0,
109,70420,Barkly,Northern Territory,60.68493150684932,18.904109589041095,99.72602739726028,63.42465753424658,61.09589041095891,65.75342465753424,1216.0,16.481431282190297,16.0,1.3333333333333335,7448.0,124,196,90,59.55479452054795,46.60958904109589,66.4041095890411,0,
110,24970,Monash,Victoria,60.68493150684931,90.41095890410958,20.54794520547945,71.0958904109589,78.63013698630137,63.561643835616444,22089.0,10.589267394701771,197.0,0.89987209939704,211833.0,96,63,145,65.81506849315069,73.17123287671231,54.14383561643835,0,
111,11650,Central Coast (NSW),New South Wales,59.81735159817351,97.26027397260275,54.794520547945204,27.397260273972602,6.301369863013699,48.49315068493151,42896.0,12.071342942530547,-515.0,-1.1863352606482227,357816.0,161,86,115,50.34246575342466,66.43835616438356,60.68493150684932,0,
112,32080,Cairns,Queensland,59.63470319634703,90.68493150684932,69.04109589041096,19.178082191780824,4.931506849315069,33.42465753424658,22612.0,12.733917881659936,-684.0,-2.9361263736263736,179334.0,181,105,100,47.02739726027397,62.41095890410959,63.06849315068494,0,
113,27450,Yarra Ranges,Victoria,59.497716894977174,88.76712328767124,63.83561643835617,25.89041095890411,9.04109589041096,42.73972602739726,19987.0,12.509153267951358,-361.0,-1.7741301356398662,160906.0,168,101,109,49.1986301369863,63.02054794520548,61.828767123287676,0,
114,40150,Adelaide Plains,South Australia,59.497716894977174,24.10958904109589,67.94520547945206,86.43835616438356,77.8082191780822,95.06849315068493,1428.0,12.629344653754313,180.0,14.423076923076922,11736.0,87,151,120,67.15753424657535,52.5,59.417808219178085,0,
115,56580,Nedlands,Western Australia,59.04109589041096,45.75342465753425,73.42465753424658,57.945205479452056,57.80821917808219,58.082191780821915,3306.0,13.072360616844602,7.0,0.2121855107608366,25711.0,130,143,111,57.993150684931514,54.17123287671233,61.25342465753425,0,
116,44340,Mitcham,South Australia,58.99543378995433,70.95890410958904,53.97260273972603,52.054794520547944,50.41095890410959,53.6986301369863,8487.0,12.023801090883332,-28.0,-0.3288314738696418,71267.0,137,109,126,57.16438356164383,61.7945205479452,58.58904109589041,0,
117,40910,Campbelltown (SA),South Australia,58.58447488584474,65.47945205479452,27.123287671232877,83.15068493150685,84.10958904109589,82.1917808219178,6407.0,11.028108163932734,363.0,6.0059563203176705,58826.0,85,88,157,67.52739726027397,65.91095890410958,52.63698630136986,0,
118,23110,Hobsons Bay,Victoria,58.196347031963455,76.71232876712328,53.6986301369863,44.17808219178082,36.02739726027397,52.32876712328767,11459.0,12.021106961520708,-70.0,-0.607164541590771,97031.0,147,108,128,54.215753424657535,61.87328767123287,58.22260273972602,0,
119,56730,Northam,Western Australia,58.10502283105022,26.84931506849315,70.41095890410959,77.05479452054794,72.1917808219178,81.91780821917808,1596.0,12.817218117571475,89.0,5.90577305905773,12758.0,108,161,121,63.17465753424658,50.95547945205479,59.00342465753425,0,
120,22670,Greater Dandenong,Victoria,57.671232876712324,86.02739726027397,30.41095890410959,56.57534246575342,56.57534246575342,56.57534246575342,18578.0,11.141429830821544,0.0,0.0,168684.0,129,84,148,58.705479452054796,67.37671232876713,53.63698630136986,0,
121,16380,Port Macquarie-Hastings,New South Wales,57.465753424657535,75.34246575342466,30.684931506849317,66.36986301369863,70.0,62.73972602739726,10148.0,11.143810946147765,79.0,0.7845863541563214,92432.0,118,90,155,61.47602739726028,65.50342465753425,53.003424657534254,0,
122,35300,Mount Isa,Queensland,57.30593607305936,41.917808219178085,95.06849315068493,34.93150684931507,33.6986301369863,36.16438356164384,2836.0,15.145527369826436,-77.0,-2.6433230346721595,18585.0,170,190,95,48.705479452054796,47.445205479452056,64.08904109589041,0,
123,12700,Dungog,New South Wales,57.1917808219178,20.273972602739725,73.97260273972603,77.32876712328766,71.0958904109589,83.56164383561644,1299.0,13.106649177681366,83.0,6.825657894736842,10102.0,113,182,124,62.39383561643835,48.29794520547945,58.70205479452054,0,
124,41060,Charles Sturt,South Australia,57.07762557077625,78.9041095890411,12.32876712328767,80.0,85.75342465753425,74.24657534246575,12665.0,9.784380528580588,433.0,3.539895356442119,130841.0,94,74,179,66.1917808219178,69.30136986301369,49.219178082191775,0,
125,33620,Gympie,Queensland,56.986301369863014,66.57534246575342,43.83561643835616,60.54794520547945,62.19178082191781,58.9041095890411,6669.0,11.635291449308232,22.0,0.33097638032194976,58487.0,128,114,141,58.71232876712328,61.054794520547944,54.835616438356155,0,
126,18200,Wentworth,New South Wales,56.80365296803653,12.876712328767123,74.79452054794521,82.73972602739727,73.6986301369863,91.78082191780823,1037.0,13.123259934193875,102.0,10.909090909090908,7982.0,105,195,129,63.684931506849324,46.61643835616439,58.205479452054796,0,
127,37310,Western Downs,Queensland,56.757990867579906,57.534246575342465,86.84931506849315,25.89041095890411,19.45205479452055,32.32876712328767,4970.0,14.104492436927094,-159.0,-3.1000194969779686,35452.0,186,162,102,45.99315068493151,50.85616438356164,62.81506849315069,0,
128,61410,Clarence,Tasmania,56.71232876712328,67.12328767123287,38.082191780821915,64.93150684931507,67.94520547945206,61.917808219178085,7274.0,11.392325763508222,53.0,0.7339703642154827,64119.0,121,107,151,60.10958904109589,62.0,53.50684931506849,0,
129,10850,Blayney,New South Wales,56.5296803652968,15.890410958904111,88.76712328767124,64.93150684931507,61.917808219178085,67.94520547945206,1108.0,14.263645726055612,20.0,1.8382352941176472,7831.0,134,207,113,57.43835616438356,43.986301369863014,60.945205479452056,0,
130,40120,Adelaide Hills,South Australia,56.41552511415525,59.726027397260275,66.84931506849315,42.671232876712324,37.397260273972606,47.94520547945205,5348.0,12.598944591029024,-66.0,-1.2190616919098634,42875.0,156,138,125,51.77054794520548,54.82534246575342,58.667808219178085,0,
131,16700,Ryde,New South Wales,56.347031963470315,80.27397260273973,12.602739726027398,76.16438356164383,81.91780821917808,70.41095890410959,13763.0,9.885366239064544,298.0,2.213145191236539,141693.0,102,79,181,64.47945205479452,68.68493150684932,48.794520547945204,0,
132,43650,Light,South Australia,56.141552511415526,36.43835616438356,83.56164383561644,48.42465753424658,49.726027397260275,47.12328767123288,2364.0,13.862663460974609,-31.0,-1.2943632567849688,17317.0,151,185,116,52.4554794520548,47.70205479452055,60.64041095890411,0,
133,11730,Clarence Valley,New South Wales,55.93607305936072,64.65753424657534,30.958904109589042,72.1917808219178,75.61643835616438,68.76712328767123,6267.0,11.148071723352782,119.0,1.9355888093689007,56874.0,115,106,166,62.06164383561644,62.23972602739725,51.37671232876712,0,
134,34860,Maranoa,Queensland,55.84474885844749,30.136986301369863,81.91780821917808,55.47945205479452,55.89041095890411,55.06849315068493,1839.0,13.789742051589682,-4.0,-0.2170374389582203,13370.0,144,193,118,54.43150684931507,46.773972602739725,59.77397260273973,0,
135,51400,Capel,Western Australia,55.821917808219176,43.013698630136986,94.52054794520548,29.93150684931507,28.356164383561644,31.506849315068493,2970.0,15.035690781147167,-100.0,-3.257328990228013,20171.0,185,198,101,46.119863013698634,46.16095890410959,62.92123287671233,0,
136,52800,Derby-West Kimberley,Western Australia,55.82191780821917,20.82191780821918,97.26027397260275,49.38356164383562,52.87671232876713,45.89041095890411,1320.0,15.402567094515755,-19.0,-1.4189693801344287,8683.0,155,215,104,51.81849315068494,42.284246575342465,62.3595890410959,0,
137,22170,Frankston,Victoria,55.662100456621005,85.2054794520548,53.42465753424658,28.356164383561644,11.78082191780822,44.93150684931507,17326.0,12.007678926613579,-282.0,-1.6015447523852793,145369.0,179,117,131,47.58219178082192,60.541095890410965,56.69178082191781,0,
138,71000,Darwin,Northern Territory,55.502283105022826,75.61643835616438,39.45205479452055,51.43835616438356,48.90410958904109,53.97260273972603,10166.0,11.454260701046726,-33.0,-0.32356113344445536,90035.0,141,111,154,55.08561643835617,61.72945205479452,53.29794520547945,0,
139,70200,Alice Springs,Northern Territory,55.4337899543379,50.68493150684932,61.369863013698634,54.24657534246575,53.97260273972603,54.52054794520548,3788.0,12.424968019155706,-11.0,-0.2895498815477757,30875.0,143,146,133,54.780821917808225,53.534246575342465,56.38356164383562,0,
140,56090,Mundaring,Western Australia,55.38812785388127,56.986301369863014,42.465753424657535,66.7123287671233,68.4931506849315,64.93150684931507,4916.0,11.585049724277702,61.0,1.2564366632337796,43577.0,125,126,156,59.43150684931508,58.212328767123296,52.88356164383562,0,
141,74660,West Arnhem,Northern Territory,55.34246575342465,18.63013698630137,98.35616438356163,49.04109589041096,52.87671232876713,45.20547945205479,1202.0,15.954340323865146,-19.0,-1.556101556101556,7608.0,158,226,107,51.3013698630137,41.23287671232876,62.10958904109589,0,
142,15650,Muswellbrook,New South Wales,54.68036529680366,37.534246575342465,89.31506849315069,37.19178082191781,37.945205479452056,36.43835616438356,2420.0,14.362017804154304,-65.0,-2.61569416498994,16859.0,177,202,114,47.70205479452055,45.18150684931507,60.75,0,
143,13910,Hilltops,New South Wales,54.68036529680364,39.726027397260275,76.16438356164383,48.150684931506845,48.90410958904109,47.397260273972606,2563.0,13.216108905275098,-33.0,-1.2711864406779663,19347.0,157,183,127,51.647260273972606,48.140410958904106,58.22945205479452,0,
144,13340,Greater Hume,New South Wales,54.38356164383562,27.397260273972602,83.83561643835617,51.917808219178085,53.42465753424658,50.41095890410959,1617.0,13.867924528301886,-14.0,-0.8583690987124464,11742.0,153,205,122,52.17123287671234,44.445205479452056,58.92465753424658,0,
145,24250,Mansfield,Victoria,54.26940639269406,21.643835616438356,64.93150684931507,76.23287671232876,70.0,82.46575342465754,1351.0,12.544103992571959,79.0,6.210691823899371,10979.0,120,191,143,60.32534246575342,47.2431506849315,54.77054794520548,0,
146,20740,Bass Coast,Victoria,54.24657534246575,55.61643835616439,18.356164383561644,88.76712328767124,86.02739726027397,91.5068493150685,4548.0,10.462869237139966,447.0,10.899780541331383,44377.0,92,113,193,66.3972602739726,61.63013698630137,47.136986301369866,0,
147,10470,Bathurst,New South Wales,53.42465753424658,61.917808219178085,66.57534246575342,31.78082191780822,23.56164383561644,40.0,5668.0,12.595835463010289,-127.0,-2.1915444348576356,45359.0,184,154,132,46.273972602739725,52.06849315068493,56.47945205479452,0,
148,50420,Bayswater,Western Australia,53.33333333333333,67.53424657534246,12.054794520547945,80.41095890410959,82.73972602739727,78.08219178082192,7437.0,9.750757168517524,328.0,4.613869742579828,77383.0,106,99,200,63.520547945205486,63.719178082191775,45.78767123287672,0,
149,11350,Byron,New South Wales,53.242009132420094,53.15068493150685,27.945205479452056,78.63013698630138,78.35616438356165,78.9041095890411,4209.0,11.051014781946595,194.0,4.831880448318804,38784.0,114,125,187,62.12328767123289,58.28767123287672,48.178082191780824,0,
150,26810,Wellington,Victoria,53.12785388127854,60.82191780821918,43.56164383561644,55.0,54.657534246575345,55.342465753424655,5379.0,11.623484668409793,-8.0,-0.1485056617783553,46551.0,148,135,163,54.167808219178085,56.195205479452056,51.599315068493155,0,
151,10250,Ballina,New South Wales,52.92237442922374,60.0,29.589041095890412,69.17808219178082,71.5068493150685,66.84931506849315,5356.0,11.127038537446763,85.0,1.6125972301271108,48603.0,127,124,183,58.965753424657535,58.650684931506845,48.60958904109589,0,
152,60610,Burnie,Tasmania,52.71689497716895,38.082191780821915,60.54794520547945,59.52054794520548,59.31506849315068,59.726027397260275,2523.0,12.379176684166627,12.0,0.4778972520908005,20420.0,145,175,149,54.36643835616438,48.95547945205479,53.55136986301369,0,
153,53430,Fremantle,Western Australia,52.602739726027394,50.136986301369866,14.246575342465754,93.42465753424658,88.21917808219179,98.63013698630137,3726.0,10.186172393996555,782.0,26.5625,37542.0,89,119,214,66.76712328767124,59.9041095890411,44.8082191780822,0,
154,51680,Chittering,Western Australia,52.397260273972606,9.04109589041096,75.34246575342466,72.8082191780822,67.26027397260273,78.35616438356165,891.0,13.145470640306876,40.0,4.700352526439483,7039.0,135,222,142,57.37328767123289,41.304794520547944,54.81849315068494,0,
155,13800,Hawkesbury,New South Wales,52.32876712328766,71.23287671232876,66.02739726027397,19.726027397260275,10.136986301369863,29.315068493150687,8620.0,12.55845801949329,-336.0,-3.7516748548459136,69299.0,207,152,134,41.86301369863014,52.42465753424658,56.013698630136986,0,
156,18450,Wollongong,New South Wales,52.28310502283105,92.32876712328768,38.9041095890411,25.616438356164384,7.671232876712329,43.56164383561644,25430.0,11.444438443952404,-450.0,-1.7387944358578051,224327.0,189,115,162,44.95205479452055,60.965753424657535,51.6095890410959,0,
157,15990,Northern Beaches,New South Wales,52.23744292237443,95.06849315068493,55.89041095890411,5.7534246575342465,0.273972602739726,11.232876712328768,32915.0,12.135009585606843,-2896.0,-8.086900672977576,272656.0,242,129,140,38.109589041095894,57.93150684931507,55.109589041095894,0,
158,64010,Launceston,Tasmania,52.00913242009132,70.13698630136986,41.917808219178085,43.97260273972603,36.986301369863014,50.95890410958904,8267.0,11.5569038066347,-67.0,-0.8039356851451884,71341.0,163,132,167,50.1027397260274,56.746575342465746,50.897260273972606,0,
159,33610,Goondiwindi,Queensland,51.894977168949765,24.65753424657534,88.21917808219179,42.80821917808219,47.534246575342465,38.082191780821915,1487.0,14.220139619393708,-36.0,-2.3637557452396587,10438.0,180,231,130,47.3527397260274,40.544520547945204,57.79794520547945,0,
160,17080,Snowy Valleys,New South Wales,51.735159817351594,30.958904109589042,67.67123287671232,56.57534246575342,56.57534246575342,56.57534246575342,1900.0,12.625423616187122,0.0,0.0,15058.0,152,200,147,52.39041095890411,45.43150684931507,53.88356164383562,0,
161,50490,Belmont,Western Australia,51.64383561643836,56.16438356164384,10.95890410958904,87.8082191780822,85.47945205479452,90.13698630136986,4612.0,9.682159801822229,418.0,9.966618979494516,48221.0,101,118,220,64.52739726027397,60.45890410958904,43.73287671232877,0,
162,18250,Willoughby,New South Wales,51.59817351598173,74.52054794520548,66.3013698630137,13.972602739726026,6.027397260273973,21.91780821917808,10038.0,12.592992184265658,-556.0,-5.24825372852558,80520.0,227,153,136,39.57534246575343,52.0958904109589,55.684931506849324,0,
163,15520,Murray River,New South Wales,51.32420091324201,27.123287671232877,47.12328767123288,79.72602739726028,74.79452054794521,84.65753424657534,1605.0,11.736745886654479,111.0,7.429718875502007,14030.0,122,179,178,60.05479452054795,48.534246575342465,49.27397260273973,0,
164,64810,Sorell,Tasmania,51.141552511415526,33.97260273972603,43.013698630136986,76.43835616438356,73.42465753424658,79.45205479452055,2074.0,11.609941782355575,101.0,5.119107957425241,18108.0,126,168,182,59.13698630136987,50.19178082191781,48.65753424657534,0,
165,48130,Wakefield,South Australia,51.14155251141552,10.684931506849315,78.63013698630137,64.10958904109589,61.09589041095891,67.12328767123287,946.0,13.522012578616351,16.0,1.7204301075268817,6993.0,149,237,144,53.65753424657534,39.57534246575342,54.61643835616438,0,
166,25710,Nillumbik,Victoria,50.6392694063927,69.86301369863014,71.78082191780823,10.273972602739727,5.205479452054795,15.342465753424658,8218.0,12.936028208034253,-624.0,-7.057226871748473,63797.0,245,173,135,37.472602739726035,49.294520547945204,55.828767123287676,0,
167,40310,Barossa,South Australia,50.47945205479452,45.47945205479452,60.0,45.95890410958904,45.61643835616439,46.3013698630137,3289.0,12.35026848409748,-47.0,-1.408872901678657,26817.0,172,184,159,48.647260273972606,47.82534246575342,52.13356164383561,0,
168,23430,Kingston (Vic.),Victoria,50.182648401826484,86.84931506849315,37.80821917808219,25.89041095890411,9.315068493150685,42.465753424657535,18918.0,11.391513268421338,-354.0,-1.8368617683686177,168061.0,197,127,177,43.513698630136986,58.157534246575345,49.54109589041096,0,
169,13310,Goulburn Mulwaree,New South Wales,49.977168949771695,51.78082191780822,49.04109589041096,49.109589041095894,48.08219178082192,50.136986301369866,3940.0,11.830055547215133,-35.0,-0.8805031446540881,33746.0,164,163,173,49.763698630136986,50.43493150684932,49.880136986301366,0,
170,23670,Knox,Victoria,49.90867579908676,86.57534246575342,39.726027397260275,23.424657534246577,7.9452054794520555,38.9041095890411,18749.0,11.505559783008911,-443.0,-2.308253438932889,163820.0,202,130,176,42.47260273972603,57.445205479452056,49.70547945205479,0,
171,17640,Upper Lachlan,New South Wales,49.90867579908675,14.246575342465754,52.054794520547944,83.42465753424658,74.52054794520548,92.32876712328768,1068.0,11.979809310151431,110.0,11.482254697286013,9005.0,123,206,184,59.85616438356165,44.130136986301366,48.554794520547944,0,
172,14700,Lane Cove,New South Wales,49.885844748858446,56.71232876712329,31.506849315068493,61.43835616438356,62.87671232876713,60.0,4763.0,11.182326149222895,24.0,0.5064359569529436,43094.0,146,141,198,54.270547945205486,54.58561643835616,46.551369863013704,0,
173,16950,Shoalhaven,New South Wales,49.817351598173516,77.53424657534246,22.19178082191781,49.726027397260275,46.02739726027397,53.42465753424658,11881.0,10.705436065632856,-46.0,-0.38567955059948017,111755.0,159,120,202,51.17123287671234,59.5,45.678082191780824,0,
174,52730,Denmark,Western Australia,49.61187214611872,8.21917808219178,69.86301369863014,70.75342465753425,65.61643835616438,75.89041095890411,862.0,12.800712800712802,33.0,3.9806996381182147,6858.0,142,241,164,54.94178082191782,39.352739726027394,51.59246575342466,0,
175,46510,Prospect,South Australia,49.17808219178082,40.821917808219176,36.986301369863014,69.72602739726027,68.21917808219177,71.23287671232876,2658.0,11.387199040356439,60.0,2.3094688221709005,23459.0,139,164,199,55.95205479452055,50.36301369863013,46.32191780821917,0,
176,63010,Huon Valley,Tasmania,48.99543378995433,36.16438356164384,40.273972602739725,70.54794520547945,68.76712328767123,72.32876712328768,2272.0,11.525974025974026,67.0,3.0385487528344672,19893.0,140,176,197,55.897260273972606,48.81506849315068,46.60958904109589,0,
177,53290,Esperance,Western Australia,48.881278538812786,31.780821917808222,76.43835616438356,38.42465753424658,42.32876712328767,34.52054794520548,1936.0,13.243945820221645,-56.0,-2.8112449799196786,14663.0,191,229,150,44.36643835616439,40.804794520547944,53.53767123287672,0,
178,10900,Blue Mountains,New South Wales,48.72146118721461,74.24657534246575,56.43835616438356,15.479452054794521,6.8493150684931505,24.10958904109589,9595.0,12.169137697058861,-500.0,-4.952947003467063,79236.0,240,159,165,38.363013698630134,51.00684931506849,51.54109589041096,0,
179,11400,Cabonne,New South Wales,48.6986301369863,32.054794520547944,87.3972602739726,26.64383561643836,28.356164383561644,24.93150684931507,1969.0,14.148164115829562,-100.0,-4.833252779120348,13915.0,220,245,137,40.147260273972606,38.46232876712329,55.60616438356165,0,
180,14220,Inverell,New South Wales,48.698630136986296,36.71232876712329,75.61643835616438,33.76712328767123,34.93150684931507,32.602739726027394,2388.0,13.1715388858246,-74.0,-3.0056864337936635,18152.0,200,218,152,42.87328767123287,41.51712328767123,53.48287671232877,0,
181,20910,Bayside (Vic.),Victoria,48.630136986301366,79.17808219178082,58.63013698630137,8.082191780821917,3.0136986301369864,13.150684931506849,12984.0,12.268385097275896,-1046.0,-7.455452601568069,107164.0,255,157,158,35.965753424657535,51.21232876712328,52.15753424657534,0,
182,24780,Mildura,Victoria,48.53881278538813,66.84931506849315,59.45205479452055,19.315068493150687,10.684931506849315,27.945205479452056,7047.0,12.334161795078238,-305.0,-4.148531011969532,57309.0,231,174,161,39.22602739726028,49.1027397260274,51.636986301369866,0,
183,18710,Yass Valley,New South Wales,48.2648401826484,36.986301369863014,79.72602739726027,28.08219178082192,27.945205479452056,28.21917808219178,2391.0,13.620051267445172,-103.0,-4.1299117882919,17663.0,215,234,146,40.636986301369866,40.28082191780822,53.9931506849315,0,
184,48410,West Torrens,South Australia,48.219178082191775,63.83561643835617,7.397260273972603,73.42465753424656,76.71232876712328,70.13698630136986,6125.0,9.289592622925955,132.0,2.2025696646087103,66547.0,133,123,232,57.821917808219176,58.72602739726027,40.83561643835616,0,
185,22310,Glen Eira,Victoria,47.67123287671233,85.75342465753425,41.0958904109589,16.164383561643834,3.5616438356164384,28.767123287671232,18527.0,11.540857388465994,-743.0,-3.8557343020238712,163025.0,237,139,185,38.54794520547945,54.69863013698631,48.26027397260274,0,
186,63610,Kingborough,Tasmania,47.602739726027394,58.082191780821915,59.178082191780824,25.54794520547945,19.041095890410958,32.054794520547944,5097.0,12.288145808722486,-164.0,-3.117278084014446,41628.0,217,192,170,40.407534246575345,46.85958904109589,50.4417808219178,0,
187,18350,Wingecarribee,New South Wales,47.48858447488585,64.38356164383562,42.19178082191781,35.89041095890411,27.397260273972602,44.38356164383562,6194.0,11.575406466081105,-106.0,-1.6825396825396828,53840.0,193,158,192,44.27397260273973,51.082191780821915,47.27397260273973,0,
188,12850,Fairfield,New South Wales,47.44292237442923,91.78082191780823,48.21917808219178,2.3287671232876708,0.547945205479452,4.10958904109589,25099.0,11.81229468849126,-2863.0,-10.238895644088405,213677.0,269,144,174,33.869863013698634,53.93835616438356,49.81506849315069,0,
189,58570,Vincent,Western Australia,47.21461187214612,49.86301369863014,3.5616438356164384,88.21917808219177,84.38356164383562,92.05479452054794,3677.0,8.816265854652697,368.0,11.121184647929889,42392.0,117,134,244,61.6986301369863,56.342465753424655,38.61643835616438,0,
190,23190,Horsham,Victoria,46.94063926940639,38.35616438356164,63.013698630136986,39.45205479452055,40.273972602739725,38.63013698630137,2531.0,12.488281442739428,-60.0,-2.3157082207641837,20252.0,195,214,175,43.89041095890411,42.438356164383556,49.72602739726027,0,
191,32260,Cassowary Coast,Queensland,46.87214611872145,49.31506849315068,50.68493150684932,40.61643835616438,37.945205479452056,43.28767123287671,3625.0,11.938086612876667,-65.0,-1.7615176151761516,30666.0,190,197,190,44.804794520547944,46.47602739726027,47.75684931506849,0,
192,50080,Albany,Western Australia,46.66666666666667,57.26027397260274,50.41095890410959,32.328767123287676,25.205479452054796,39.45205479452055,4964.0,11.900081507407585,-115.0,-2.2642252411892105,42308.0,204,189,188,42.17808219178083,47.50684931506849,47.945205479452056,0,
193,58510,Victoria Park,Western Australia,46.62100456621005,47.397260273972606,2.73972602739726,89.72602739726028,85.2054794520548,94.24657534246576,3461.0,8.13128465369796,410.0,13.438216978039987,43333.0,116,136,248,61.74657534246577,55.513698630136986,37.88356164383562,0,
194,11250,Broken Hill,New South Wales,46.278538812785385,33.42465753424658,44.109589041095894,61.301369863013704,60.41095890410959,62.19178082191781,2056.0,11.682481959202228,15.0,0.7349338559529642,17515.0,160,203,206,50.893835616438366,44.784246575342465,45.20205479452055,0,
195,16200,Parkes,New South Wales,46.16438356164384,32.32876712328767,85.47945205479452,20.684931506849317,22.73972602739726,18.63013698630137,1996.0,14.022762399887592,-132.0,-6.203007518796992,14175.0,253,255,153,36.55479452054795,36.226027397260275,53.33561643835617,0,
196,31820,Bundaberg,Queensland,46.02739726027397,77.8082191780822,32.602739726027394,27.67123287671233,13.424657534246576,41.917808219178085,11896.0,11.233769299778082,-229.0,-1.8886597938144332,107297.0,212,147,209,41.19178082191781,53.47945205479453,44.93150684931507,0,
197,15900,Newcastle,New South Wales,45.63926940639269,85.47945205479452,17.26027397260274,34.178082191780824,18.493150684931507,49.86301369863014,18445.0,10.421610504666983,-167.0,-0.8972705781216419,178935.0,196,131,227,43.619863013698634,57.29109589041096,41.955479452054796,0,
198,51190,Bunbury,Western Australia,45.52511415525114,51.23287671232877,27.397260273972602,57.945205479452056,58.082191780821915,57.80821917808219,3903.0,11.04133073071374,8.0,0.20539152759948653,35730.0,162,169,225,50.157534246575345,50.00684931506849,42.18493150684932,0,
199,15300,Moree Plains,New South Wales,45.4566210045662,29.041095890410958,80.54794520547945,26.78082191780822,30.0,23.56164383561644,1759.0,13.657892693532107,-92.0,-4.970286331712588,12845.0,243,261,160,38.099315068493155,35.97602739726027,51.6541095890411,0,
200,45090,Naracoorte Lucindale,South Australia,45.15981735159817,17.534246575342465,72.05479452054794,45.89041095890411,50.95890410958904,40.821917808219176,1158.0,12.93999329534026,-25.0,-2.113271344040575,8930.0,194,264,180,44.034246575342465,35.63698630136986,49.157534246575345,0,
201,16400,Port Stephens,New South Wales,45.159817351598164,72.6027397260274,36.71232876712329,26.164383561643834,14.520547945205479,37.80821917808219,8998.0,11.382957190567756,-220.0,-2.386634844868735,80070.0,222,160,213,39.88356164383562,50.965753424657535,44.842465753424655,0,
202,12900,Forbes,New South Wales,44.81735159817351,19.726027397260275,81.0958904109589,33.630136986301366,40.95890410958904,26.301369863013697,1284.0,13.773868268611885,-59.0,-4.393149664929263,9301.0,226,274,168,39.647260273972606,33.79794520547945,50.81849315068493,0,
203,26730,Warrnambool,Victoria,44.5662100456621,52.87671232876713,46.849315068493155,33.97260273972603,28.767123287671232,39.178082191780824,4205.0,11.713744498300741,-99.0,-2.300185873605948,36255.0,210,201,204,41.27397260273973,45.35616438356165,45.43835616438356,0,
204,65410,Waratah-Wynyard,Tasmania,44.29223744292237,28.21917808219178,46.57534246575342,58.082191780821915,57.534246575342465,58.63013698630137,1743.0,11.704270749395649,5.0,0.28768699654775604,14916.0,175,221,218,48.31506849315069,41.42465753424658,43.945205479452056,0,
205,25340,Mornington Peninsula,Victoria,44.15525114155251,87.12328767123287,32.87671232876712,12.465753424657535,2.4657534246575343,22.465753424657535,19205.0,11.24039401370737,-1058.0,-5.2213393870601585,172217.0,261,150,217,35.21232876712329,52.85616438356165,44.04794520547945,0,
206,14350,Kempsey,New South Wales,44.13242009132419,49.04109589041096,34.794520547945204,48.56164383561644,48.08219178082192,49.04109589041096,3598.0,11.3080646175121,-35.0,-0.9633911368015413,31950.0,187,194,222,45.928082191780824,46.736301369863014,42.51027397260273,0,
207,46300,Port Lincoln,South Australia,44.10958904109589,30.684931506849317,61.917808219178085,39.726027397260275,43.56164383561644,35.89041095890411,1875.0,12.444414946571978,-51.0,-2.64797507788162,15065.0,206,244,195,41.9041095890411,38.534246575342465,47.0,0,
208,16610,Richmond Valley,New South Wales,43.99543378995433,43.56164383561644,65.20547945205479,23.21917808219178,21.232876712328768,25.205479452054796,3008.0,12.550066755674234,-146.0,-4.629042485732404,24044.0,251,236,186,36.70205479452055,39.68835616438356,48.21575342465753,0,
209,72200,Katherine,Northern Territory,43.88127853881278,24.93150684931507,79.17808219178082,27.534246575342465,32.054794520547944,23.013698630136986,1515.0,13.541294243832677,-81.0,-5.075187969924812,11282.0,247,271,172,37.21232876712329,33.97945205479452,49.99315068493151,0,
210,26700,Wangaratta,Victoria,43.74429223744292,48.76712328767123,51.50684931506849,30.958904109589042,27.671232876712327,34.24657534246575,3592.0,11.958186297356683,-104.0,-2.813852813852814,30089.0,228,212,203,39.52054794520548,42.94520547945205,45.54794520547946,0,
211,36820,Tablelands,Queensland,43.74429223744292,46.3013698630137,58.082191780821915,26.849315068493148,23.835616438356162,29.863013698630137,3372.0,12.228467815049864,-126.0,-3.6020583190394513,27902.0,244,225,196,37.95890410958904,41.26027397260273,46.73972602739726,0,
212,14600,Lachlan,New South Wales,42.85388127853881,8.767123287671232,89.58904109589041,30.205479452054796,41.50684931506849,18.904109589041095,880.0,14.383785550833606,-58.0,-6.183368869936034,6118.0,250,305,169,36.72260273972603,28.393835616438352,50.49657534246575,0,
213,10550,Bega Valley,New South Wales,42.8310502283105,51.50684931506849,20.82191780821918,56.16438356164384,56.16438356164384,56.16438356164384,3906.0,10.643051771117166,-3.0,-0.07674597083653108,36921.0,176,178,241,47.93150684931507,48.534246575342465,38.863013698630134,0,
214,22110,East Gippsland,Victoria,42.80821917808219,58.35616438356165,17.534246575342465,52.534246575342465,51.917808219178085,53.15068493150685,5138.0,10.44669906268426,-22.0,-0.4263565891472868,49669.0,182,167,245,46.98972602739727,50.195205479452056,38.53082191780822,0,
215,36580,Somerset,Queensland,42.64840182648402,46.02739726027397,67.3972602739726,14.520547945205479,12.32876712328767,16.71232876712329,3347.0,12.622567506411222,-245.0,-6.820712694877505,26936.0,278,246,189,32.97260273972603,38.20547945205479,47.76712328767124,0,
216,33220,Fraser Coast,Queensland,42.534246575342465,78.63013698630137,16.71232876712329,32.26027397260274,17.945205479452056,46.57534246575342,12514.0,10.397919419032663,-168.0,-1.3247121905062293,122924.0,214,148,239,40.74315068493151,53.113013698630134,39.17465753424657,0,
217,36510,Scenic Rim,Queensland,42.37442922374429,61.369863013698634,50.95890410958904,14.794520547945204,9.58904109589041,20.0,5485.0,11.938446804805851,-345.0,-5.917667238421955,46947.0,272,209,207,33.67123287671233,43.5068493150685,45.041095890410965,0,
218,65810,West Tamar,Tasmania,42.35159817351598,42.73972602739726,36.43835616438356,47.87671232876713,47.534246575342465,48.21917808219178,2956.0,11.34871578300764,-36.0,-1.2032085561497325,26136.0,192,208,229,44.30479452054795,43.59246575342466,41.18835616438356,0,
219,26980,Whitehorse,Victoria,41.91780821917808,87.94520547945206,21.095890410958905,16.71232876712329,3.8356164383561646,29.589041095890412,19468.0,10.649366278465502,-739.0,-3.6571485128915717,185256.0,260,149,238,35.397260273972606,52.986301369863014,40.05479452054795,0,
220,72300,Litchfield,Northern Territory,41.89497716894977,42.465753424657535,47.397260273972606,35.82191780821918,34.93150684931507,36.71232876712329,2859.0,11.76301172598231,-74.0,-2.523013978861234,24849.0,224,228,221,39.79794520547946,40.88013698630137,43.023972602739725,0,
221,17900,Walgett,New South Wales,41.757990867579906,4.931506849315069,77.53424657534246,42.8082191780822,51.917808219178085,33.6986301369863,740.0,13.413086822548486,-22.0,-2.8871391076115485,5437.0,218,303,194,40.28424657534247,29.078767123287673,47.07191780821918,0,
222,55740,Mosman Park,Western Australia,41.3013698630137,18.356164383561644,42.73972602739726,62.80821917808219,60.41095890410959,65.20547945205479,1200.0,11.607661056297156,15.0,1.2658227848101267,10482.0,178,249,236,47.68150684931507,37.571917808219176,40.44178082191781,0,
223,44620,Mount Gambier,South Australia,41.25570776255708,46.849315068493155,56.16438356164384,20.753424657534246,17.123287671232877,24.383561643835616,3409.0,12.168046830382638,-176.0,-4.909344490934449,28057.0,266,242,215,34.359589041095894,39.11301369863014,44.51712328767124,0,
224,73600,Roper Gulf,Northern Territory,41.09589041095891,16.575342465753426,93.42465753424658,13.287671232876711,23.013698630136986,3.5616438356164384,1128.0,14.972126360499072,-131.0,-10.40508339952343,7597.0,293,316,171,30.136986301369866,26.952054794520546,50.33561643835616,0,
225,48540,Whyalla,South Australia,40.91324200913242,41.23287671232877,60.82191780821918,20.684931506849317,20.273972602739725,21.095890410958905,2710.0,12.388571428571428,-154.0,-5.377094972067039,21720.0,270,250,211,33.849315068493155,36.97945205479452,44.9109589041096,0,
226,46090,Port Augusta,South Australia,40.799086757990864,29.863013698630137,64.10958904109589,28.424657534246577,31.36986301369863,25.47945205479452,1811.0,12.525937197399365,-87.0,-4.5837723919915705,14469.0,256,268,210,35.92123287671233,34.49657534246575,44.91438356164383,0,
227,64610,Northern Midlands,Tasmania,40.799086757990864,26.575342465753426,27.671232876712327,68.15068493150685,66.43835616438356,69.86301369863014,1595.0,11.0472364593434,34.0,2.1780909673286355,14544.0,165,223,250,49.66095890410959,41.29109589041096,37.46232876712328,0,
228,13450,Griffith,New South Wales,40.77625570776255,46.57534246575342,59.726027397260275,16.027397260273972,13.698630136986301,18.356164383561644,3387.0,12.34689413823272,-228.0,-6.3070539419087135,27458.0,280,247,212,32.4041095890411,37.85616438356164,44.85616438356164,0,
229,35740,Noosa,Queensland,40.68493150684931,65.75342465753424,25.205479452054796,31.0958904109589,21.91780821917808,40.273972602739725,6430.0,10.895535033466068,-140.0,-2.13089802130898,59551.0,236,188,242,38.582191780821915,47.54109589041095,38.842465753424655,0,
230,21180,Brimbank,Victoria,40.639269406392685,89.58904109589041,28.767123287671232,3.5616438356164384,0.821917808219178,6.301369863013699,21906.0,11.091757891219151,-2279.0,-9.42319619598925,198181.0,295,165,234,30.10958904109589,50.35616438356164,40.71232876712329,0,
231,43710,Lower Eyre,South Australia,40.54794520547945,7.123287671232877,71.23287671232876,43.28767123287671,51.50684931506849,35.06849315068493,802.0,12.881464824927722,-23.0,-2.7878787878787876,6268.0,223,301,208,39.83561643835617,29.3972602739726,45.013698630136986,0,
232,21110,Boroondara,Victoria,40.4566210045662,88.4931506849315,30.136986301369863,2.73972602739726,1.095890410958904,4.383561643835616,19740.0,11.13084665482534,-2248.0,-10.223758413680189,178601.0,300,171,233,29.65753424657534,49.726027397260275,40.794520547945204,0,
233,21750,Colac Otway,Victoria,40.4337899543379,38.63013698630137,39.178082191780824,43.49315068493151,44.794520547945204,42.19178082191781,2542.0,11.446325648414986,-48.0,-1.8532818532818531,22209.0,209,233,237,41.41438356164384,40.41438356164384,40.09246575342466,0,
234,45290,Norwood Payneham and St Peters,South Australia,40.38812785388128,50.41095890410959,7.9452054794520555,62.8082191780822,63.97260273972603,61.64383561643836,3774.0,9.391797730439976,27.0,0.7205764611689351,40845.0,169,181,272,48.73630136986302,48.38013698630137,34.40068493150685,0,
235,50350,Bassendean,Western Australia,40.20547945205479,30.41095890410959,24.65753424657534,65.54794520547945,64.52054794520548,66.57534246575342,1867.0,10.855282283853713,29.0,1.5778019586507073,17413.0,173,217,258,48.58561643835617,41.8458904109589,36.60616438356165,0,
236,48260,Walkerville,South Australia,39.885844748858446,10.95890410958904,28.493150684931507,80.20547945205479,71.0958904109589,89.31506849315069,952.0,11.078785057605026,83.0,9.551208285385501,8673.0,150,248,264,52.551369863013704,37.82534246575342,36.16095890410959,0,
237,32310,Charters Towers,Queensland,39.863013698630134,27.671232876712327,81.36986301369863,10.54794520547945,16.164383561643834,4.931506849315069,1657.0,13.773898586866167,-181.0,-9.84766050054407,12088.0,303,297,191,28.993150684931507,29.732876712328764,47.554794520547944,0,
238,52870,Donnybrook-Balingup,Western Australia,39.70319634703197,6.027397260273973,41.369863013698634,71.7123287671233,65.61643835616438,77.8082191780822,763.0,11.546610169491526,33.0,4.52054794520548,6698.0,167,270,247,49.222602739726035,34.31849315068493,38.3527397260274,0,
239,23350,Indigo,Victoria,39.61187214611872,34.24657534246575,53.15068493150685,31.438356164383563,32.73972602739726,30.136986301369863,2114.0,11.999091837893063,-78.0,-3.5583941605839415,17758.0,254,257,226,36.482876712328775,36.099315068493155,42.051369863013704,0,
240,14850,Lismore,New South Wales,39.58904109589041,58.63013698630137,49.31506849315068,10.821917808219178,8.21917808219178,13.424657534246576,5184.0,11.849142857142857,-417.0,-7.445099089448312,43642.0,289,232,223,30.472602739726028,40.5,42.486301369863014,0,
241,15240,Mid-Coast,New South Wales,39.543378995433784,75.06849315068493,15.068493150684931,28.493150684931507,15.342465753424658,41.64383561643836,10094.0,10.221772151898733,-200.0,-1.9428793471925394,99448.0,246,170,260,37.45205479452055,49.76712328767123,36.42465753424658,0,
242,57980,Subiaco,Western Australia,39.26940639269406,32.602739726027394,15.342465753424658,69.86301369863014,67.67123287671232,72.05479452054794,2005.0,10.224896731092866,50.0,2.557544757033248,20038.0,166,210,274,49.64383561643836,43.054794520547944,34.15068493150685,0,
243,17200,Sydney,New South Wales,39.04109589041096,72.05479452054794,1.095890410958904,43.97260273972603,36.43835616438356,51.50684931506849,8788.0,3.6993226888704607,-69.0,-0.7790448233036017,241797.0,203,156,278,42.417808219178085,51.582191780821915,33.102739726027394,0,
244,25060,Moonee Valley,Victoria,38.949771689497716,80.0,17.80821917808219,19.04109589041096,7.397260273972603,30.684931506849317,13502.0,10.448523494087786,-480.0,-3.4329852667715635,130501.0,268,172,257,34.034246575342465,49.33561643835617,36.773972602739725,0,
245,25490,Moyne,Victoria,38.926940639269404,35.342465753424655,64.65753424657534,16.78082191780822,17.945205479452056,15.616438356164384,2216.0,12.543869579984152,-168.0,-7.046979865771812,17760.0,286,277,219,30.996575342465754,33.2431506849315,43.89383561643835,0,
246,51890,Collie,Western Australia,38.767123287671225,17.26027397260274,55.342465753424655,43.6986301369863,50.136986301369866,37.26027397260274,1144.0,12.11864406779661,-29.0,-2.47229326513214,9561.0,229,286,231,39.417808219178085,32.22602739726027,41.00684931506849,0,
247,15750,Narrabri,New South Wales,38.67579908675799,27.945205479452056,76.71232876712328,11.36986301369863,16.71232876712329,6.027397260273973,1701.0,13.245600373773556,-177.0,-9.424920127795527,12797.0,305,300,201,28.582191780821915,29.458904109589042,45.74657534246575,0,
248,14400,Kiama,New South Wales,38.65296803652968,40.273972602739725,33.6986301369863,41.986301369863014,42.87671232876713,41.0958904109589,2608.0,11.261280711602401,-55.0,-2.0653398422831395,23139.0,221,235,249,39.900684931506845,39.886986301369866,37.74315068493151,0,
249,36660,Southern Downs,Queensland,38.44748858447488,54.52054794520548,45.47945205479452,15.342465753424658,11.232876712328768,19.45205479452055,4411.0,11.689103243587025,-288.0,-6.1289636092785695,38064.0,284,240,235,31.164383561643838,39.45205479452055,40.657534246575345,0,
250,15800,Narrandera,New South Wales,38.28767123287671,6.8493150684931505,81.64383561643835,26.36986301369863,39.04109589041096,13.698630136986301,791.0,13.78048780487805,-63.0,-7.377049180327869,5761.0,279,324,205,32.54452054794521,24.900684931506845,45.38698630136986,0,
251,26610,Swan Hill,Victoria,37.48858447488584,38.9041095890411,56.986301369863014,16.575342465753426,15.890410958904111,17.26027397260274,2548.0,12.173331422292295,-184.0,-6.734992679355783,20962.0,291,273,228,30.239726027397268,33.8013698630137,41.45890410958904,0,
252,61210,Circular Head,Tasmania,37.465753424657535,13.698630136986301,68.4931506849315,30.205479452054796,39.58904109589041,20.82191780821918,1053.0,12.70511583011583,-61.0,-5.475763016157989,8286.0,271,311,224,33.736301369863014,27.695205479452056,42.48287671232877,0,
253,24700,Merri-bek,Victoria,37.1689497716895,84.38356164383562,6.8493150684931505,20.273972602739725,6.575342465753424,33.97260273972603,17162.0,9.252450319700678,-509.0,-2.880425555995699,189108.0,274,166,277,33.61643835616439,50.31506849315068,33.465753424657535,0,
254,64210,Meander Valley,Tasmania,37.10045662100457,37.26027397260274,29.315068493150687,44.72602739726027,46.438356164383556,43.013698630136986,2396.0,11.114203543928008,-43.0,-1.7630176301763019,21739.0,225,243,266,39.77739726027397,38.68150684931506,35.551369863013704,0,
255,16100,Oberon,New South Wales,36.48401826484018,2.4657534246575343,47.671232876712324,59.31506849315069,57.26027397260274,61.369863013698634,660.0,11.808910359634996,4.0,0.6097560975609756,5595.0,201,302,253,42.77397260273973,29.143835616438356,37.02054794520548,0,
256,24330,Maribyrnong,Victoria,36.18721461187214,70.68493150684931,5.205479452054795,32.67123287671233,21.232876712328768,44.109589041095894,8477.0,9.0447382179401,-146.0,-1.6931462368085353,94672.0,252,187,282,36.68150684931507,47.55821917808219,31.715753424657535,0,
257,43790,Loxton Waikerie,South Australia,36.18721461187214,23.835616438356162,44.93150684931507,39.794520547945204,46.438356164383556,33.15068493150685,1400.0,11.686143572621036,-43.0,-2.9799029799029797,11971.0,248,284,252,36.832191780821915,32.58561643835616,37.31849315068493,0,
258,12930,Georges River,New South Wales,36.02739726027397,83.01369863013699,13.150684931506849,11.917808219178081,3.287671232876712,20.54794520547945,16140.0,9.97885521385911,-958.0,-5.602994502280969,163919.0,298,186,276,29.938356164383563,47.65068493150685,33.8013698630137,0,
259,47980,Unley,South Australia,35.93607305936072,53.97260273972603,23.835616438356162,30.0,24.383561643835616,35.61643835616438,4354.0,10.76763280245326,-120.0,-2.682163611980331,40731.0,264,227,271,34.76027397260274,41.06164383561644,34.41780821917808,0,
260,15850,Narromine,New South Wales,35.799086757990864,9.315068493150685,84.10958904109589,13.972602739726028,25.753424657534246,2.191780821917808,893.0,13.888024883359254,-113.0,-11.232604373757455,6420.0,312,334,216,26.83561643835617,22.164383561643834,44.13698630136986,0,
261,34880,Mareeba,Queensland,35.59360730593607,41.64383561643836,37.534246575342465,27.602739726027394,26.164383561643834,29.041095890410958,2727.0,11.390977443609023,-109.0,-3.8434414668547254,24205.0,277,256,262,33.099315068493155,36.11301369863014,36.284246575342465,0,
262,12350,Cowra,New South Wales,35.57077625570776,24.383561643835616,44.38356164383562,37.945205479452056,44.109589041095894,31.780821917808222,1486.0,11.684227079729517,-49.0,-3.1921824104234524,12721.0,258,288,256,35.84246575342466,32.130136986301366,36.773972602739725,0,
263,40220,Alexandrina,South Australia,35.47945205479452,43.83561643835616,11.78082191780822,50.82191780821918,50.95890410958904,50.68493150684932,3016.0,9.746009177276546,-25.0,-0.8220979940808945,31427.0,211,220,287,41.26712328767124,41.47260273972603,31.157534246575345,0,
264,26260,Southern Grampians,Victoria,35.36529680365297,31.232876712328768,41.64383561643836,33.21917808219178,36.02739726027397,30.41095890410959,1901.0,11.556231003039514,-70.0,-3.5514967021816335,16483.0,265,275,261,34.40753424657535,33.48972602739726,36.41438356164384,0,
265,10500,Bayside (NSW),New South Wales,35.205479452054796,83.28767123287672,3.8356164383561646,18.493150684931507,5.7534246575342465,31.232876712328768,16526.0,8.882033311655855,-565.0,-3.305833479609151,187770.0,281,177,286,31.76027397260274,48.69178082191781,31.335616438356166,0,
266,12750,Eurobodalla,New South Wales,35.182648401826484,52.32876712328767,10.684931506849315,42.534246575342465,39.58904109589041,45.47945205479452,3978.0,9.673418768085986,-61.0,-1.5102748205001237,41309.0,235,213,288,38.61301369863014,42.65410958904109,31.14041095890411,0,
267,48050,Victor Harbor,South Australia,34.93150684931507,25.205479452054796,4.931506849315069,74.65753424657534,69.58904109589041,79.72602739726027,1551.0,9.041622945085695,76.0,5.1525423728813555,17457.0,174,239,303,48.34931506849315,39.47260273972603,28.445205479452053,0,
268,24600,Melbourne,Victoria,34.93150684931506,63.013698630136986,0.821917808219178,40.95890410958904,34.24657534246575,47.671232876712324,5944.0,3.16903473462533,-76.0,-1.2624584717607974,194481.0,239,199,295,38.445205479452056,45.965753424657535,29.513698630136986,0,
269,10800,Bland,New South Wales,34.72602739726027,4.657534246575342,74.24657534246575,25.273972602739725,39.04109589041096,11.506849315068493,717.0,13.11985361390668,-63.0,-8.076923076923077,5455.0,299,332,230,29.914383561643838,22.311643835616437,41.12671232876712,0,
270,57210,Plantagenet,Western Australia,34.65753424657534,3.287671232876712,50.136986301369866,50.54794520547945,54.24657534246575,46.849315068493155,686.0,11.895266169585573,-9.0,-1.2949640287769784,5793.0,234,317,263,38.65068493150685,26.85616438356164,36.18493150684932,0,
271,21370,Campaspe,Victoria,34.52054794520548,54.24657534246575,40.0,9.315068493150685,8.767123287671232,9.863013698630137,4378.0,11.525905644481888,-396.0,-8.294930875576037,37954.0,315,254,259,26.684931506849313,36.38356164383561,36.602739726027394,0,
272,26170,South Gippsland,Victoria,34.246575342465746,47.94520547945205,35.61643835616438,19.178082191780824,15.616438356164384,22.73972602739726,3508.0,11.339173158354074,-190.0,-5.137912385073013,31109.0,301,259,267,29.65753424657534,36.02739726027397,35.20547945205479,0,
273,42750,Kangaroo Island,South Australia,34.20091324200913,0.821917808219178,26.84931506849315,74.93150684931507,66.84931506849315,83.01369863013699,568.0,10.982211910286157,36.0,6.7669172932330826,5212.0,183,292,289,46.78767123287671,30.664383561643838,31.06164383561644,0,
274,24900,Moira,Victoria,34.178082191780824,47.12328767123288,34.52054794520548,20.89041095890411,17.123287671232877,24.65753424657534,3460.0,11.292059658627329,-176.0,-4.84048404840484,30866.0,292,258,269,30.174657534246577,36.0513698630137,34.89383561643836,0,
275,10180,Armidale,New South Wales,34.018264840182646,47.671232876712324,45.20547945205479,9.178082191780822,9.863013698630137,8.493150684931507,3470.0,11.689011655325743,-342.0,-8.971668415529905,29652.0,319,272,254,26.006849315068493,33.82876712328767,36.938356164383556,0,
276,26670,Towong,Victoria,33.926940639269404,3.8356164383561646,33.15068493150685,64.79452054794521,60.0,69.58904109589041,691.0,11.248575614520592,14.0,2.06794682422452,6158.0,198,298,280,43.22602739726028,29.568493150684933,32.26712328767124,0,
277,14100,Hunters Hill,New South Wales,33.470319634703195,28.767123287671232,62.465753424657535,9.178082191780822,15.068493150684931,3.287671232876712,1749.0,12.45105716523101,-204.0,-10.44546850998464,13983.0,323,315,240,24.732876712328768,26.965753424657535,39.034246575342465,0,
278,61510,Derwent Valley,Tasmania,33.28767123287671,22.465753424657535,49.86301369863014,27.534246575342465,33.6986301369863,21.36986301369863,1357.0,11.872265966754156,-77.0,-5.369595536959554,11513.0,288,306,265,30.732876712328768,28.34931506849315,36.06164383561644,0,
279,51540,Carnarvon,Western Australia,33.2648401826484,3.5616438356164384,58.9041095890411,37.32876712328767,48.90410958904109,25.753424657534246,690.0,12.273212379935966,-33.0,-4.564315352697095,5655.0,276,326,255,33.20205479452055,23.681506849315067,36.907534246575345,0,
280,20260,Ararat,Victoria,33.05936073059361,19.45205479452055,22.465753424657535,57.26027397260274,56.986301369863014,57.534246575342465,1245.0,10.70967741935484,2.0,0.16090104585679807,11732.0,213,279,294,40.849315068493155,33.13698630136986,30.26027397260274,0,
281,17620,Upper Hunter,New South Wales,32.96803652968036,29.589041095890412,62.19178082191781,7.123287671232877,12.602739726027398,1.643835616438356,1795.0,12.445399708798446,-234.0,-11.53277476589453,14425.0,329,318,243,23.753424657534246,26.616438356164384,38.64383561643836,0,
282,17650,Uralla,New South Wales,32.94520547945205,6.301369863013699,67.12328767123287,25.410958904109588,38.49315068493151,12.32876712328767,771.0,12.602157567832625,-64.0,-7.664670658682635,6179.0,304,335,246,28.976027397260275,22.113013698630137,38.448630136986296,0,
283,17350,Temora,New South Wales,32.602739726027394,5.205479452054795,63.561643835616444,29.041095890410958,41.917808219178085,16.164383561643834,758.0,12.50825082508251,-57.0,-6.993865030674846,6050.0,297,333,251,29.986301369863014,22.301369863013697,37.42465753424658,0,
284,57840,South Perth,Western Australia,32.51141552511415,53.6986301369863,4.657534246575342,39.17808219178082,34.52054794520548,43.83561643835616,4343.0,9.019542688625366,-75.0,-1.6976007243096423,48745.0,257,224,305,35.9041095890411,41.26027397260274,28.0,0,
285,61610,Devonport,Tasmania,32.465753424657535,44.38356164383562,38.63013698630137,14.383561643835616,12.876712328767123,15.890410958904111,3077.0,11.405589739787976,-233.0,-7.039274924471299,26994.0,314,280,273,26.732876712328768,33.02054794520548,34.294520547945204,0,
286,41560,Copper Coast,South Australia,32.44292237442922,26.301369863013697,10.136986301369863,60.89041095890411,59.31506849315068,62.465753424657535,1578.0,9.659647404505387,12.0,0.7662835249042145,16601.0,205,260,307,42.09246575342466,35.98287671232876,27.674657534246577,0,
287,22410,Glenelg,Victoria,32.397260273972606,34.52054794520548,22.73972602739726,39.93150684931507,42.87671232876713,36.986301369863014,2137.0,10.73437813944143,-55.0,-2.509124087591241,19908.0,262,267,292,35.14041095890411,34.647260273972606,30.571917808219176,0,
288,46450,Port Pirie,South Australia,31.98630136986301,33.6986301369863,45.75342465753425,16.506849315068493,19.041095890410958,13.972602739726028,2066.0,11.690810321412403,-164.0,-7.354260089686099,17664.0,316,299,270,26.6541095890411,29.48972602739726,34.82534246575342,0,
289,51750,Claremont,Western Australia,31.963470319634702,21.36986301369863,20.273972602739725,54.24657534246576,55.61643835616439,52.87671232876713,1347.0,10.5663633511139,-6.0,-0.4434589800443459,13091.0,230,282,300,39.232876712328775,32.71232876712329,29.095890410958905,0,
290,21890,Darebin,Victoria,31.91780821917808,81.36986301369863,6.027397260273973,8.356164383561644,2.191780821917808,14.520547945205479,14541.0,9.130983554056854,-1133.0,-7.228531325762409,162496.0,318,204,297,26.14383561643836,44.51369863013699,29.21232876712329,0,
291,10600,Bellingen,New South Wales,31.87214611872146,26.027397260273972,48.49315068493151,21.095890410958905,25.205479452054796,16.986301369863014,1573.0,11.81640625,-115.0,-6.812796208530806,13348.0,307,312,268,27.808219178082194,27.671232876712327,34.9041095890411,0,
292,14550,Kyogle,New South Wales,31.7351598173516,14.794520547945206,35.06849315068493,45.34246575342466,50.95890410958904,39.726027397260275,1091.0,11.325651406623066,-25.0,-2.240143369175627,9707.0,259,304,284,35.65068493150685,28.527397260273972,31.554794520547947,0,
293,45040,Murray Bridge,South Australia,31.689497716894977,40.0,29.041095890410958,26.027397260273972,25.205479452054796,26.84931506849315,2589.0,11.101106251607924,-115.0,-4.252958579881657,23539.0,294,276,283,30.123287671232877,33.465753424657535,31.575342465753423,0,
294,17040,Snowy Monaro,New South Wales,31.05022831050228,37.80821917808219,28.21917808219178,27.123287671232877,26.84931506849315,27.397260273972602,2468.0,11.064783680789061,-108.0,-4.192546583850932,22396.0,296,283,290,30.013698630136986,32.630136986301366,30.821917808219176,0,
295,25990,Pyrenees,Victoria,31.02739726027397,7.671232876712329,16.43835616438356,68.97260273972603,63.97260273972603,73.97260273972603,817.0,10.307847590209438,27.0,3.4177215189873418,7957.0,199,295,310,43.14041095890411,30.44178082191781,26.94178082191781,0,
296,17100,Strathfield,New South Wales,30.662100456621005,53.42465753424658,3.287671232876712,35.273972602739725,30.0,40.54794520547945,4256.0,8.76856830871294,-92.0,-2.1159153633854646,49203.0,275,238,314,33.41438356164384,39.5513698630137,26.325342465753423,0,
297,50840,Bridgetown-Greenbushes,Western Australia,30.662100456621,2.73972602739726,37.26027397260274,51.986301369863014,55.205479452054796,48.76712328767123,662.0,11.390227116311081,-7.0,-1.046337817638266,5931.0,249,323,291,36.72945205479452,25.154109589041095,30.585616438356166,0,
298,27350,Yarra,Victoria,30.63926940639269,64.10958904109589,1.36986301369863,26.43835616438356,17.534246575342465,35.342465753424655,6130.0,6.134785132403275,-174.0,-2.760152284263959,101356.0,287,219,313,30.842465753424655,41.513698630136986,26.45890410958904,0,
299,63810,Latrobe (Tas.),Tasmania,30.570776255707756,21.91780821917808,16.164383561643834,53.630136986301366,54.657534246575345,52.602739726027394,1354.0,10.29814420444174,-8.0,-0.5873715124816447,13264.0,241,287,309,38.20890410958904,32.15410958904109,27.256849315068493,0,
300,11520,Canada Bay,New South Wales,30.41095890410959,72.32876712328768,10.41095890410959,8.493150684931507,4.10958904109589,12.876712328767123,8933.0,9.67225007308596,-722.0,-7.477990678404972,93006.0,322,230,302,24.83561643835617,40.6986301369863,28.506849315068497,0,
301,53150,East Fremantle,Western Australia,30.365296803652967,11.78082191780822,52.87671232876713,26.43835616438356,35.342465753424655,17.534246575342465,1008.0,11.99428843407901,-72.0,-6.666666666666667,8426.0,306,330,275,28.06164383561644,23.075342465753423,33.93835616438356,0,
302,15700,Nambucca Valley,New South Wales,30.15981735159817,35.61643835616438,23.013698630136986,31.84931506849315,32.73972602739726,30.958904109589042,2260.0,10.736342042755345,-78.0,-3.3361847733105217,21237.0,285,285,301,31.02397260273973,32.40753424657534,29.003424657534246,0,
303,36630,South Burnett,Queensland,30.091324200913245,50.95890410958904,31.780821917808222,7.534246575342466,8.493150684931507,6.575342465753424,3879.0,11.184153619929072,-403.0,-9.41148995796357,35111.0,335,281,285,23.23972602739726,32.88356164383562,31.472602739726028,0,
304,57080,Perth,Western Australia,29.863013698630137,12.602739726027398,0.273972602739726,76.7123287671233,69.04109589041096,84.38356164383562,1027.0,2.9383154039826045,70.0,7.314524555903866,35673.0,188,278,331,45.39726027397261,33.19178082191781,23.08219178082192,0,
305,16550,Randwick,New South Wales,29.817351598173513,79.45205479452055,5.7534246575342465,4.2465753424657535,1.643835616438356,6.8493150684931505,13183.0,9.108559268164608,-1365.0,-9.382733021721199,146484.0,333,216,308,23.34931506849315,42.07534246575342,27.486301369863014,0,
306,14170,Inner West,New South Wales,29.543378995433788,83.56164383561644,3.0136986301369864,2.054794520547945,1.36986301369863,2.73972602739726,16581.0,8.673295915218153,-1963.0,-10.585634167385678,193125.0,336,211,311,22.623287671232877,42.95205479452055,26.93835616438356,0,
307,15350,Mosman,New South Wales,29.178082191780824,44.657534246575345,31.232876712328768,11.643835616438356,11.506849315068493,11.78082191780822,3265.0,11.149433137549515,-286.0,-8.05406927626021,29374.0,328,291,293,23.815068493150687,31.08904109589041,30.363013698630137,0,
308,60810,Central Coast (Tas.),Tasmania,29.1324200913242,39.178082191780824,26.575342465753426,21.643835616438356,21.643835616438356,21.643835616438356,2559.0,10.971061093247588,-143.0,-5.292376017764619,23378.0,311,290,299,27.013698630136986,31.150684931506852,29.123287671232877,0,
309,42600,Holdfast Bay,South Australia,28.858447488584474,48.21917808219178,4.10958904109589,34.24657534246575,30.958904109589042,37.534246575342465,3526.0,8.960382201214708,-88.0,-2.4349750968456,39683.0,282,252,319,31.71232876712329,36.71232876712329,24.87671232876712,0,
310,47630,Tatiara,South Australia,28.789954337899545,7.9452054794520555,52.32876712328767,26.095890410958905,37.397260273972606,14.794520547945206,851.0,11.989292758523527,-66.0,-7.197382769901854,7088.0,313,338,279,26.80479452054795,20.955479452054796,32.455479452054796,0,
311,26430,Strathbogie,Victoria,28.401826484018265,15.616438356164384,8.493150684931507,61.09589041095891,58.35616438356165,63.83561643835617,1100.0,9.405728943993159,10.0,0.9174311926605505,11839.0,232,294,327,39.2054794520548,30.465753424657535,23.78082191780822,0,
312,47800,Coorong,South Australia,28.173515981735157,1.643835616438356,35.342465753424655,47.534246575342465,53.6986301369863,41.369863013698634,638.0,11.326113971240902,-13.0,-1.9969278033794162,5627.0,273,331,304,33.62328767123288,22.76027397260274,28.28082191780822,0,
313,48830,Yorke Peninsula,South Australia,28.036529680365295,16.164383561643834,6.575342465753424,61.369863013698634,58.63013698630137,64.10958904109589,1125.0,9.250883973357455,11.0,0.9874326750448833,12242.0,233,293,330,39.109589041095894,30.54794520547945,23.150684931506852,0,
314,62610,Glenorchy,Tasmania,27.990867579908674,59.45205479452055,19.17808219178082,5.342465753424658,5.47945205479452,5.205479452054795,5336.0,10.527354153925069,-581.0,-9.819165117458171,50450.0,338,269,306,21.636986301369866,34.47260273972602,27.8013698630137,0,
315,32810,Douglas,Queensland,27.968036529680365,20.82191780821918,13.698630136986301,49.38356164383562,52.87671232876713,45.89041095890411,1320.0,10.124252185918085,-19.0,-1.4189693801344287,13169.0,263,296,320,35.10616438356165,29.75,24.756849315068493,0,
316,14920,Liverpool Plains,New South Wales,27.85388127853881,9.863013698630137,52.602739726027394,21.095890410958905,31.780821917808222,10.41095890410959,921.0,11.993749186091938,-82.0,-8.175473579262214,7671.0,324,341,281,24.589041095890412,20.205479452054796,31.904109589041095,0,
317,31900,Burdekin,Queensland,27.71689497716895,31.506849315068493,34.24657534246575,17.397260273972602,20.54794520547945,14.246575342465754,1933.0,11.281662192132602,-153.0,-7.334611697027804,17220.0,325,314,298,24.294520547945204,26.97945205479452,29.21232876712329,0,
318,25430,Mount Alexander,Victoria,27.42009132420091,32.87671232876712,11.232876712328768,38.150684931506845,41.50684931506849,34.794520547945204,2010.0,9.70217695612299,-58.0,-2.804642166344294,20939.0,283,289,321,31.448630136986303,31.476027397260268,24.455479452054792,0,
319,15950,North Sydney,New South Wales,27.168949771689498,58.9041095890411,2.4657534246575343,20.136986301369863,13.150684931506849,27.123287671232877,5211.0,7.129566288137912,-231.0,-4.244762954796031,73705.0,317,251,325,26.294520547945208,36.869863013698634,23.815068493150683,0,
320,25810,Northern Grampians,Victoria,27.03196347031963,18.08219178082192,14.520547945205479,48.49315068493151,52.32876712328767,44.657534246575345,1196.0,10.201296485841011,-20.0,-1.644736842105263,11804.0,267,308,323,34.09589041095891,28.191780821917806,24.08219178082192,0,
321,12160,Cootamundra-Gundagai,New South Wales,26.91780821917808,20.82191780821918,40.54794520547945,19.383561643835616,26.164383561643834,12.602739726027398,1320.0,11.526370939573875,-109.0,-7.6277116864940515,11429.0,326,328,296,23.976027397260275,23.277397260273972,29.339041095890412,0,
322,60210,Break O'Day,Tasmania,26.826484018264843,2.191780821917808,5.47945205479452,72.8082191780822,65.61643835616438,80.0,650.0,9.095997760985167,33.0,5.348460291734198,7230.0,208,313,343,41.68835616438357,27.40068493150685,21.325342465753426,0,
323,44210,Mid Murray,South Australia,26.826484018264836,9.58904109589041,8.21917808219178,62.671232876712324,59.31506849315068,66.02739726027397,902.0,9.395833333333334,12.0,1.348314606741573,9674.0,238,309,337,38.51027397260274,27.962328767123285,22.243150684931507,0,
324,53570,Gingin,Western Australia,26.78082191780822,1.36986301369863,9.315068493150685,69.65753424657535,62.87671232876713,76.43835616438356,607.0,9.538026398491514,24.0,4.1166380789022305,6585.0,216,319,339,40.51712328767124,26.462328767123292,22.017123287671236,0,
325,18500,Woollahra,New South Wales,26.666666666666668,60.54794520547945,11.506849315068493,7.945205479452055,7.123287671232877,8.767123287671232,5369.0,9.726096880547805,-499.0,-8.503749147920928,55218.0,337,265,317,21.80821917808219,34.78082191780822,25.32876712328767,0,
326,22250,Gannawarra,Victoria,26.55251141552511,16.986301369863014,26.027397260273972,36.64383561643835,44.794520547945204,28.493150684931507,1133.0,10.959566647320566,-48.0,-4.064352243861134,10311.0,302,322,315,29.606164383561644,25.222602739726025,25.969178082191778,0,
327,48750,Yankalilla,South Australia,26.484018264840177,1.095890410958904,9.04109589041096,69.31506849315068,62.465753424657535,76.16438356164383,591.0,9.51537594590243,23.0,4.049295774647888,6299.0,219,320,340,40.20547945205479,26.16438356164383,21.726027397260275,0,
328,55180,Manjimup,Western Australia,26.05022831050228,14.520547945205479,32.054794520547944,31.575342465753426,40.95890410958904,22.19178082191781,1069.0,11.21015100671141,-59.0,-5.2304964539007095,9621.0,309,329,312,27.407534246575345,23.119863013698627,26.674657534246574,0,
329,25620,Murrindindi,Victoria,25.913242009132418,25.47945205479452,13.424657534246576,38.83561643835616,44.794520547945204,32.87671232876712,1558.0,10.019292604501608,-48.0,-2.9887920298879203,15648.0,290,307,328,30.414383561643838,28.3458904109589,23.393835616438356,0,
330,18050,Waverley,New South Wales,25.890410958904113,66.3013698630137,6.301369863013699,5.068493150684931,4.383561643835616,5.7534246575342465,6662.0,9.13340919373192,-694.0,-9.43447525829255,73345.0,343,262,324,20.623287671232877,35.869863013698634,23.993150684931507,0,
331,62810,Hobart,Tasmania,25.662100456621,57.80821917808219,4.383561643835616,14.794520547945204,10.41095890410959,19.17808219178082,5029.0,8.980838259192456,-330.0,-6.157865273371898,55859.0,331,266,332,23.465753424657535,34.73972602739726,23.013698630136986,0,
332,25900,Port Phillip,Victoria,25.388127853881276,67.53424657534246,1.643835616438356,6.986301369863014,4.657534246575342,9.315068493150685,7437.0,6.62574391504223,-689.0,-8.478956436130938,114434.0,342,253,334,21.054794520547947,36.45890410958904,22.746575342465754,0,
333,26350,Stonnington,Victoria,24.520547945205475,69.58904109589041,1.9178082191780823,2.054794520547945,2.73972602739726,1.36986301369863,7987.0,7.045695130557515,-1055.0,-11.667772616677727,114789.0,347,263,336,18.910958904109588,35.8013698630137,22.253424657534246,0,
334,14870,Lithgow,New South Wales,24.06392694063927,35.89041095890411,25.47945205479452,10.82191780821918,13.972602739726028,7.671232876712329,2268.0,10.910665319670947,-227.0,-9.098196392785571,20693.0,345,321,318,20.020547945205482,25.554794520547944,24.938356164383563,0,
335,33800,Hinchinbrook,Queensland,23.81278538812785,17.80821917808219,19.45205479452055,34.17808219178082,42.32876712328767,26.027397260273972,1172.0,10.530098831985626,-56.0,-4.5602605863192185,11194.0,310,325,335,27.14041095890411,23.784246575342465,22.64041095890411,0,
336,65010,Southern Midlands,Tasmania,23.173515981735157,5.47945205479452,25.753424657534246,38.28767123287671,48.90410958904109,27.671232876712327,761.0,10.944915863655975,-33.0,-4.156171284634761,6987.0,308,342,333,27.578767123287673,20.003424657534246,22.804794520547944,0,
337,21830,Corangamite,Victoria,22.922374429223744,29.315068493150687,33.42465753424658,6.027397260273972,10.95890410958904,1.095890410958904,1774.0,11.257059458087442,-295.0,-14.258095698405027,15712.0,355,337,316,17.328767123287673,21.780821917808222,25.34246575342466,0,
338,12870,Federation,New South Wales,22.64840182648402,23.013698630136986,19.726027397260275,25.205479452054796,30.684931506849317,19.726027397260275,1387.0,10.53951367781155,-90.0,-6.093432633716994,13247.0,330,327,338,23.56164383561644,23.28767123287671,22.082191780821915,0,
339,41140,Clare and Gilbert Valleys,South Australia,22.168949771689494,13.972602739726028,32.32876712328767,20.205479452054796,29.45205479452055,10.95890410958904,1060.0,11.221681134871904,-94.0,-8.145580589254767,9467.0,341,348,326,21.071917808219183,18.907534246575345,23.791095890410958,0,
340,12730,Edward River,New South Wales,21.87214611872146,11.506849315068493,35.89041095890411,18.21917808219178,29.041095890410958,7.397260273972603,963.0,11.34008478568064,-98.0,-9.236569274269558,8501.0,344,350,322,20.07534246575343,17.513698630136986,24.157534246575345,0,
341,46670,Renmark Paringa,South Australia,21.82648401826484,15.068493150684931,21.91780821917808,28.493150684931507,36.71232876712329,20.273972602739725,1092.0,10.692254969156958,-68.0,-5.862068965517241,10274.0,327,339,342,23.82191780821918,20.794520547945204,21.506849315068493,0,
342,52170,Cottesloe,Western Australia,21.598173515981735,11.232876712328768,20.0,33.56164383561644,43.83561643835616,23.28767123287671,953.0,10.564238997893803,-50.0,-4.985044865403789,9201.0,321,340,344,25.267123287671232,20.363013698630134,20.76027397260274,0,
343,23940,Loddon,Victoria,21.050228310502284,7.397260273972603,18.904109589041095,36.849315068493155,47.12328767123288,26.575342465753426,809.0,10.477917368216552,-37.0,-4.373522458628842,7718.0,320,345,346,25.897260273972606,19.43150684931507,19.938356164383563,0,
344,18020,Warrumbungle,New South Wales,20.593607305936075,13.424657534246576,36.16438356164384,12.191780821917808,22.465753424657535,1.9178082191780823,1052.0,11.342318059299192,-134.0,-11.298482293423271,9246.0,356,353,329,17.294520547945208,16.404109589041095,23.34931506849315,0,
345,11300,Burwood,New South Wales,20.54794520547945,44.109589041095894,2.191780821917808,15.342465753424657,14.246575342465754,16.43835616438356,3065.0,7.0700313711016785,-226.0,-6.867213612883622,43927.0,346,310,352,19.9041095890411,27.75342465753425,18.054794520547947,0,
346,48340,Wattle Range,South Australia,20.410958904109588,22.19178082191781,26.301369863013697,12.73972602739726,20.82191780821918,4.657534246575342,1356.0,10.96466402522843,-150.0,-9.9601593625498,12378.0,351,344,341,17.815068493150687,19.5,21.678082191780824,0,
347,21670,Central Goldfields,Victoria,20.296803652968038,23.28767123287671,13.972602739726028,23.63013698630137,29.45205479452055,17.80821917808219,1389.0,10.152024557813185,-94.0,-6.33850303438975,13753.0,339,336,348,21.613013698630137,22.01027397260274,19.181506849315067,0,
348,14300,Junee,New South Wales,19.84018264840183,4.10958904109589,23.56164383561644,31.849315068493155,45.61643835616439,18.08219178082192,695.0,10.765179677819082,-47.0,-6.334231805929918,6403.0,334,351,347,23.256849315068497,16.736301369863014,19.797945205479454,0,
349,62210,George Town,Tasmania,18.630136986301366,6.575342465753424,21.643835616438356,27.671232876712327,40.273972602739725,15.068493150684931,787.0,10.68277453508891,-60.0,-7.083825265643448,7420.0,340,354,350,21.19178082191781,16.219178082191778,18.63013698630137,0,
350,53220,East Pilbara,Western Australia,18.493150684931507,12.054794520547945,9.863013698630137,33.56164383561644,43.28767123287671,23.835616438356162,1016.0,9.653206650831354,-53.0,-4.9579045837231055,10663.0,332,346,355,23.445205479452056,19.253424657534246,16.445205479452056,0,
351,42250,Grant,South Australia,18.356164383561644,12.32876712328767,29.863013698630137,12.876712328767123,23.28767123287671,2.4657534246575343,1020.0,11.128082042330352,-129.0,-11.22715404699739,9223.0,358,356,345,16.136986301369863,15.150684931506849,20.356164383561644,0,
352,20110,Alpine,Victoria,18.2648401826484,22.73972602739726,16.986301369863014,15.068493150684933,22.19178082191781,7.9452054794520555,1366.0,10.41555470834922,-136.0,-9.054593874833555,13236.0,354,347,351,17.369863013698634,19.19178082191781,18.232876712328768,0,
353,10650,Berrigan,New South Wales,18.24200913242009,10.41095890410959,24.10958904109589,20.205479452054796,31.36986301369863,9.04109589041096,939.0,10.773290500229463,-87.0,-8.47953216374269,8773.0,348,355,349,18.537671232876715,15.893835616438356,19.023972602739725,0,
354,21010,Benalla,Victoria,17.168949771689498,23.56164383561644,9.58904109589041,18.356164383561644,24.65753424657534,12.054794520547945,1395.0,9.58631115997801,-117.0,-7.738095238095238,14581.0,349,343,356,17.9041095890411,19.643835616438356,15.972602739726028,0,
355,35760,North Burnett,Queensland,16.986301369863014,15.342465753424658,18.08219178082192,17.534246575342465,26.84931506849315,8.21917808219178,1093.0,10.460331132165757,-108.0,-8.992506244796003,10562.0,357,352,354,17.095890410958905,16.52054794520548,17.123287671232877,0,
356,61810,Dorset,Tasmania,16.872146118721464,5.7534246575342465,24.93150684931507,19.93150684931507,32.73972602739726,7.123287671232877,762.0,10.876391664287754,-78.0,-9.285714285714286,7059.0,353,358,353,17.386986301369866,13.592465753424658,17.928082191780824,0,
357,22910,Hepburn,Victoria,15.136986301369863,25.753424657534246,7.671232876712329,11.986301369863014,18.493150684931507,5.47945205479452,1567.0,9.317952072307783,-167.0,-9.630911188004614,17011.0,359,349,359,14.565068493150687,18.222602739726028,14.174657534246576,0,
358,63210,Kentish,Tasmania,14.771689497716896,4.383561643835616,15.890410958904111,24.041095890410958,38.49315068493151,9.58904109589041,704.0,10.286382232612509,-64.0,-8.333333333333332,6866.0,352,359,358,17.496575342465754,12.989726027397259,14.476027397260275,0,
359,40520,Berri Barmera,South Australia,14.337899543378995,16.575342465753426,18.63013698630137,7.808219178082192,14.794520547945206,0.821917808219178,1128.0,10.470620996936786,-208.0,-15.568862275449103,10758.0,363,357,357,12.164383561643836,13.815068493150687,15.308219178082192,0,
360,22980,Hindmarsh,Victoria,13.63013698630137,0.273972602739726,12.876712328767123,27.73972602739726,44.794520547945204,10.684931506849315,540.0,9.930121368150054,-48.0,-8.16326530612245,5447.0,350,362,361,17.900684931506852,11.777397260273972,12.81164383561644,0,
361,13010,Glen Innes Severn,New South Wales,13.561643835616438,10.136986301369863,15.616438356164384,14.931506849315069,26.84931506849315,3.0136986301369864,925.0,10.272071071626874,-108.0,-10.454985479186835,9069.0,361,360,360,13.86986301369863,12.636986301369863,13.801369863013699,0,
362,17400,Tenterfield,New South Wales,10.182648401826484,3.0136986301369864,8.767123287671232,18.767123287671232,33.6986301369863,3.8356164383561646,674.0,9.46629213483146,-77.0,-10.252996005326231,7188.0,362,363,363,12.82876712328767,9.39041095890411,9.541095890410958,0,
363,40070,Adelaide,South Australia,10.159817351598173,8.493150684931507,0.547945205479452,21.438356164383563,32.73972602739726,10.136986301369863,869.0,2.9713465089242974,-78.0,-8.236536430834214,30173.0,360,361,364,14.023972602739729,11.832191780821919,8.154109589041097,0,
364,27630,Yarriambiack,Victoria,9.680365296803654,1.9178082191780823,14.794520547945206,12.32876712328767,24.10958904109589,0.547945205479452,645.0,10.22025035652036,-124.0,-16.124837451235372,6295.0,364,364,362,10.219178082191782,7.493150684931507,10.315068493150685,0,
365,21270,Buloke,Victoria,5.93607305936073,0.547945205479452,7.123287671232877,10.136986301369863,20.0,0.273972602739726,549.0,9.272082418510387,-155.0,-22.017045454545457,5887.0,365,365,365,7.136986301369864,4.890410958904109,5.904109589041096,0,
