LGA_CODE,LGA_NAME,STATE,TOTAL_POP_2020,TOTAL_POP_2024,TOTAL_POP_2025,POP_CHANGE_1Y,POP_GROWTH_1Y_PCT,POP_CHANGE_5Y,POP_GROWTH_5Y_PCT,IS_UNINCORPORATED
10050,Albury,New South Wales,55466,58768,59538,770,1.3102368635992376,4072,7.341434392240291,0
10180,Armidale,New South Wales,29600,29686,29652,-34,-0.11453210267466146,52,0.17567567567567569,0
10250,Ballina,New South Wales,45663,48135,48603,468,0.9722655032720474,2940,6.438473162078708,0
10300,Balranald,New South Wales,2257,2256,2244,-12,-0.5319148936170213,-13,-0.5759858218874613,0
10470,Bathurst,New South Wales,43444,44999,45359,360,0.8000177781728482,1915,4.407973483104686,0
10500,Bayside (NSW),New South Wales,176184,186061,187770,1709,0.918515970568792,11586,6.576079553194387,0
10550,Bega Valley,New South Wales,35428,36700,36921,221,0.6021798365122616,1493,4.214180873885063,0
10600,Bellingen,New South Wales,13152,13312,13348,36,0.2704326923076923,196,1.4902676399026764,0
10650,Berrigan,New South Wales,8653,8716,8773,57,0.6539697108765489,120,1.3868022651103662,0
10750,Blacktown,New South Wales,391911,439552,449385,9833,2.237050451368666,57474,14.665064262039085,0
10800,Bland,New South Wales,5649,5465,5455,-10,-0.18298261665141813,-194,-3.434236147990795,0
10850,Blayney,New South Wales,7484,7768,7831,63,0.8110195674562307,347,4.636557990379477,0
10900,Blue Mountains,New South Wales,79031,78847,79236,389,0.493360559057415,205,0.2593918841973403,0
10950,Bogan,New South Wales,2514,2406,2373,-33,-1.3715710723192018,-141,-5.608591885441527,0
11150,Bourke,New South Wales,2483,2366,2310,-56,-2.366863905325444,-173,-6.967378171566653,0
11200,Brewarrina,New South Wales,1525,1401,1396,-5,-0.35688793718772305,-129,-8.459016393442623,0
11250,Broken Hill,New South Wales,17718,17599,17515,-84,-0.47729984658219216,-203,-1.1457275087481658,0
11300,Burwood,New South Wales,40670,43352,43927,575,1.3263517254105923,3257,8.008359970494222,0
11350,Byron,New South Wales,35715,38087,38784,697,1.8300207419854542,3069,8.593028139437212,0
11400,Cabonne,New South Wales,13814,13917,13915,-2,-0.014370913271538407,101,0.7311423193861301,0
11450,Camden,New South Wales,112451,141258,146483,5225,3.6989055487122857,34032,30.263848253906144,0
11500,Campbelltown (NSW),New South Wales,175725,188545,191285,2740,1.4532339759739055,15560,8.854744629392517,0
11520,Canada Bay,New South Wales,91833,92357,93006,649,0.7027079701592732,1173,1.2773186109568455,0
11570,Canterbury-Bankstown,New South Wales,376638,385655,389687,4032,1.0454940296378887,13049,3.464599960704974,0
11600,Carrathool,New South Wales,2892,2772,2803,31,1.1183261183261184,-89,-3.0774550484094054,0
11650,Central Coast (NSW),New South Wales,347734,355354,357816,2462,0.6928302481469183,10082,2.8993426009536023,0
11700,Central Darling,New South Wales,1774,1776,1773,-3,-0.16891891891891891,-1,-0.05636978579481398,0
11720,Cessnock,New South Wales,62431,69432,71443,2011,2.8963590275377347,9012,14.435136390575195,0
11730,Clarence Valley,New South Wales,52893,56216,56874,658,1.1704852710971965,3981,7.526515796041064,0
11750,Cobar,New South Wales,4213,4015,4019,4,0.099626400996264,-194,-4.604794683123665,0
11800,Coffs Harbour,New South Wales,78409,81529,82109,580,0.711403304345693,3700,4.718846050836001,0
12000,Coolamon,New South Wales,4404,4636,4742,106,2.286453839516825,338,7.674841053587647,0
12150,Coonamble,New South Wales,3871,3878,3889,11,0.28365136668385765,18,0.4649961250322914,0
12160,Cootamundra-Gundagai,New South Wales,11393,11452,11429,-23,-0.2008382815228781,36,0.3159834986395155,0
12350,Cowra,New South Wales,12748,12718,12721,3,0.023588614562038056,-27,-0.21179792908691558,0
12380,Cumberland,New South Wales,240841,252839,256906,4067,1.6085334936461544,16065,6.670375891148102,0
12390,Dubbo,New South Wales,55010,57049,57384,335,0.5872144998159478,2374,4.315578985638975,0
12700,Dungog,New South Wales,9450,9911,10102,191,1.9271516496821715,652,6.8994708994708995,0
12730,Edward River,New South Wales,8547,8492,8501,9,0.10598210080075365,-46,-0.5382005382005381,0
12750,Eurobodalla,New South Wales,39917,41123,41309,186,0.45230163169029497,1392,3.487236014730566,0
12850,Fairfield,New South Wales,212148,212482,213677,1195,0.5624005798138195,1529,0.7207232686615005,0
12870,Federation,New South Wales,12726,13160,13247,87,0.6610942249240122,521,4.093980826654095,0
12900,Forbes,New South Wales,9502,9322,9301,-21,-0.22527354644925981,-201,-2.1153441380761944,0
12930,Georges River,New South Wales,155919,161742,163919,2177,1.3459707435298192,8000,5.130869233384001,0
12950,Gilgandra,New South Wales,4327,4305,4304,-1,-0.023228803716608595,-23,-0.5315461058470071,0
13010,Glen Innes Severn,New South Wales,8946,9005,9069,64,0.7107162687395892,123,1.374916163648558,0
13310,Goulburn Mulwaree,New South Wales,31934,33305,33746,441,1.3241255066806785,1812,5.6742030437777915,0
13340,Greater Hume,New South Wales,10931,11660,11742,82,0.7032590051457976,811,7.419266306833776,0
13450,Griffith,New South Wales,27249,27432,27458,26,0.094779819189268,209,0.7670006238761056,0
13550,Gunnedah,New South Wales,13024,13414,13502,88,0.6560310123751305,478,3.6701474201474205,0
13660,Gwydir,New South Wales,5019,4919,4968,49,0.9961374263061598,-51,-1.0161386730424387,0
13800,Hawkesbury,New South Wales,67578,68639,69299,660,0.96155247017002,1721,2.546686791559383,0
13850,Hay,New South Wales,2910,2867,2899,32,1.1161492849668644,-11,-0.37800687285223367,0
13910,Hilltops,New South Wales,19205,19393,19347,-46,-0.2371989893260455,142,0.7393907836500911,0
14000,Hornsby,New South Wales,154037,154866,155484,618,0.3990546666150091,1447,0.9393846932879762,0
14100,Hunters Hill,New South Wales,14269,14047,13983,-64,-0.4556132982131416,-286,-2.004345083747985,0
14170,Inner West,New South Wales,190035,191173,193125,1952,1.0210646900974512,3090,1.6260162601626018,0
14220,Inverell,New South Wales,17985,18130,18152,22,0.12134583563154992,167,0.9285515707534057,0
14300,Junee,New South Wales,6463,6456,6403,-53,-0.8209417596034696,-60,-0.9283614420547733,0
14350,Kempsey,New South Wales,30602,31818,31950,132,0.4148595134829342,1348,4.404940853538984,0
14400,Kiama,New South Wales,22873,23159,23139,-20,-0.08635951465952761,266,1.1629432081493463,0
14500,Ku-ring-gai,New South Wales,126438,128429,128542,113,0.08798635822127401,2104,1.6640566918173334,0
14550,Kyogle,New South Wales,9304,9633,9707,74,0.7681926710266791,403,4.331470335339639,0
14600,Lachlan,New South Wales,6223,6118,6118,0,0.0,-105,-1.687289088863892,0
14650,Lake Macquarie,New South Wales,211954,222144,224540,2396,1.0785796600403341,12586,5.93808090434717,0
14700,Lane Cove,New South Wales,40067,42594,43094,500,1.1738742545898482,3027,7.554845633563781,0
14750,Leeton,New South Wales,11500,11502,11475,-27,-0.2347417840375587,-25,-0.21739130434782608,0
14850,Lismore,New South Wales,44316,43750,43642,-108,-0.24685714285714286,-674,-1.5208953876703675,0
14870,Lithgow,New South Wales,21063,20787,20693,-94,-0.45220570548900757,-370,-1.7566348573327637,0
14900,Liverpool,New South Wales,231268,255367,261231,5864,2.296302967885435,29963,12.955964508708512,0
14920,Liverpool Plains,New South Wales,7702,7679,7671,-8,-0.10418023180101575,-31,-0.40249285899766296,0
14950,Lockhart,New South Wales,3308,3488,3509,21,0.6020642201834863,201,6.076178960096735,0
15050,Maitland,New South Wales,87920,98232,100439,2207,2.2467220457691996,12519,14.239080982711554,0
15240,Mid-Coast,New South Wales,95731,98750,99448,698,0.7068354430379747,3717,3.88275480251956,0
15270,Mid-Western,New South Wales,25589,26301,26472,171,0.6501653929508384,883,3.450701473289304,0
15300,Moree Plains,New South Wales,13047,12879,12845,-34,-0.26399565183632273,-202,-1.5482486395339925,0
15350,Mosman,New South Wales,29543,29284,29374,90,0.3073350635159131,-169,-0.5720475239481434,0
15520,Murray River,New South Wales,12572,13675,14030,355,2.5959780621572213,1458,11.597200127266943,0
15560,Murrumbidgee,New South Wales,3625,3687,3695,8,0.21697857336588014,70,1.9310344827586208,0
15650,Muswellbrook,New South Wales,16539,16850,16859,9,0.05341246290801187,320,1.9348207267670354,0
15700,Nambucca Valley,New South Wales,20290,21050,21237,187,0.8883610451306413,947,4.667323804829966,0
15750,Narrabri,New South Wales,12990,12842,12797,-45,-0.3504127083008877,-193,-1.4857582755966128,0
15800,Narrandera,New South Wales,5787,5740,5761,21,0.3658536585365854,-26,-0.4492828754104027,0
15850,Narromine,New South Wales,6521,6430,6420,-10,-0.15552099533437014,-101,-1.5488422021162398,0
15900,Newcastle,New South Wales,168242,176988,178935,1947,1.1000745813275477,10693,6.355725680864468,0
15950,North Sydney,New South Wales,71430,73090,73705,615,0.8414283759748256,2275,3.1849363012739746,0
15990,Northern Beaches,New South Wales,268164,271240,272656,1416,0.5220468957380917,4492,1.6750943452514135,0
16100,Oberon,New South Wales,5540,5589,5595,6,0.10735373054213634,55,0.9927797833935018,0
16150,Orange,New South Wales,43383,44728,44990,262,0.5857628331246647,1607,3.704215937118226,0
16200,Parkes,New South Wales,14646,14234,14175,-59,-0.4145004917802445,-471,-3.2158951249487915,0
16260,Parramatta,New South Wales,260413,275406,279014,3608,1.310065866393615,18601,7.142884571814771,0
16350,Penrith,New South Wales,216922,228938,231701,2763,1.2068769710576663,14779,6.813048008039756,0
16380,Port Macquarie-Hastings,New South Wales,85499,91064,92432,1368,1.5022401827286305,6933,8.108866770371584,0
16400,Port Stephens,New South Wales,74450,79048,80070,1022,1.292885335492359,5620,7.5486903962390866,0
16490,Queanbeyan-Palerang,New South Wales,62506,66609,67633,1024,1.5373297902685823,5127,8.202412568393434,0
16550,Randwick,New South Wales,142499,144732,146484,1752,1.2105132244424177,3985,2.7965108527077382,0
16610,Richmond Valley,New South Wales,23593,23968,24044,76,0.31708945260347127,451,1.9115839443902851,0
16700,Ryde,New South Wales,130999,139226,141693,2467,1.7719391492968268,10694,8.163421094817517,0
16900,Shellharbour,New South Wales,74941,81669,83228,1559,1.9089250511209885,8287,11.058032318757423,0
16950,Shoalhaven,New South Wales,107246,110981,111755,774,0.6974166749263387,4509,4.2043526098875486,0
17000,Singleton,New South Wales,24503,25678,25841,163,0.6347846405483294,1338,5.460555850304044,0
17040,Snowy Monaro,New South Wales,21437,22305,22396,91,0.4079802734812822,959,4.473573727667118,0
17080,Snowy Valleys,New South Wales,14889,15049,15058,9,0.059804638181939,169,1.135066156222715,0
17100,Strathfield,New South Wales,46417,48537,49203,666,1.3721490821435194,2786,6.002111295430553,0
17150,Sutherland,New South Wales,230379,238812,241327,2515,1.0531296584761236,10948,4.752169251537683,0
17200,Sydney,New South Wales,227250,237557,241797,4240,1.7848347975433265,14547,6.401320132013201,0
17310,Tamworth,New South Wales,63405,66055,66403,348,0.5268336991900688,2998,4.728333727624005,0
17350,Temora,New South Wales,6077,6060,6050,-10,-0.16501650165016502,-27,-0.4442981734408425,0
17400,Tenterfield,New South Wales,6779,7120,7188,68,0.9550561797752809,409,6.033338250479422,0
17420,The Hills,New South Wales,186622,215823,222675,6852,3.1748238139586604,36053,19.318729838925744,0
17550,Tweed,New South Wales,96857,100328,101044,716,0.713659197831114,4187,4.322867732843264,0
17620,Upper Hunter,New South Wales,14296,14423,14425,2,0.013866740622616653,129,0.9023503077783995,0
17640,Upper Lachlan,New South Wales,8378,8915,9005,90,1.0095344924284912,627,7.483886369061829,0
17650,Uralla,New South Wales,6056,6118,6179,61,0.9970578620464203,123,2.031043593130779,0
17750,Wagga Wagga,New South Wales,67277,69106,69108,2,0.0028941047087083613,1831,2.7215838994009838,0
17850,Walcha,New South Wales,3057,2997,2989,-8,-0.26693360026693363,-68,-2.2244030094864247,0
17900,Walgett,New South Wales,5701,5517,5437,-80,-1.4500634402755121,-264,-4.6307665321873355,0
17950,Warren,New South Wales,2634,2589,2606,17,0.656624179219776,-28,-1.0630220197418374,0
18020,Warrumbungle,New South Wales,9358,9275,9246,-29,-0.31266846361185985,-112,-1.1968369309681557,0
18050,Waverley,New South Wales,71880,72941,73345,404,0.5538723077555833,1465,2.038119087367835,0
18100,Weddin,New South Wales,3619,3600,3558,-42,-1.1666666666666667,-61,-1.6855484940591323,0
18200,Wentworth,New South Wales,7389,7902,7982,80,1.0124019235636548,593,8.025443226417647,0
18250,Willoughby,New South Wales,78566,79711,80520,809,1.0149163854424108,1954,2.4870809255912225,0
18350,Wingecarribee,New South Wales,52018,53510,53840,330,0.6167071575406466,1822,3.502633703717944,0
18400,Wollondilly,New South Wales,53618,59759,62080,2321,3.883933800766412,8462,15.782013502928121,0
18450,Wollongong,New South Wales,215063,222204,224327,2123,0.9554283451243002,9264,4.307574989654194,0
18500,Woollahra,New South Wales,55951,55202,55218,16,0.02898445708488823,-733,-1.3100748869546568,0
18710,Yass Valley,New South Wales,17092,17555,17663,108,0.6152093420677869,571,3.3407442078165226,0
19399,Unincorporated NSW,New South Wales,1055,987,975,-12,-1.21580547112462,-80,-7.5829383886255926,1
20110,Alpine,Victoria,13054,13115,13236,121,0.9226077011056042,182,1.3942086716715183,0
20260,Ararat,Victoria,11918,11625,11732,107,0.9204301075268817,-186,-1.5606645410303743,0
20570,Ballarat,Victoria,111645,120559,122661,2102,1.7435446544845263,11016,9.866989117291416,0
20660,Banyule,Victoria,130294,131460,132770,1310,0.9965008367564279,2476,1.900317742950558,0
20740,Bass Coast,Victoria,38950,43468,44377,909,2.0911935216711144,5427,13.933247753530168,0
20830,Baw Baw,Victoria,55753,61793,62784,991,1.6037415241208552,7031,12.61098057503632,0
20910,Bayside (Vic.),Victoria,105018,105833,107164,1331,1.2576417563519884,2146,2.043459216515264,0
21010,Benalla,Victoria,14382,14552,14581,29,0.19928532160527762,199,1.3836740369906828,0
21110,Boroondara,Victoria,177875,177345,178601,1256,0.7082240830020581,726,0.4081517919887562,0
21180,Brimbank,Victoria,204213,197498,198181,683,0.34582628684847444,-6032,-2.9537786526812693,0
21270,Buloke,Victoria,6156,5921,5887,-34,-0.5742273264651241,-269,-4.369720597790773,0
21370,Campaspe,Victoria,38379,37984,37954,-30,-0.07898062342038753,-425,-1.1073764298183904,0
21450,Cardinia,Victoria,116505,130091,133472,3381,2.598949965793176,16967,14.56332346251234,0
21610,Casey,Victoria,363970,404208,414929,10721,2.6523473063373313,50959,14.00087919334011,0
21670,Central Goldfields,Victoria,13304,13682,13753,71,0.5189299809969303,449,3.3749248346361997,0
21750,Colac Otway,Victoria,22274,22208,22209,1,0.0045028818443804035,-65,-0.29182005926191973,0
21830,Corangamite,Victoria,16108,15759,15712,-47,-0.2982422742559807,-396,-2.4584057611124908,0
21890,Darebin,Victoria,157056,159249,162496,3247,2.038945299499526,5440,3.463732681336593,0
22110,East Gippsland,Victoria,47874,49183,49669,486,0.9881463107171177,1795,3.749425575468939,0
22170,Frankston,Victoria,142191,144291,145369,1078,0.7471013438121574,3178,2.2350219071530546,0
22250,Gannawarra,Victoria,10575,10338,10311,-27,-0.261172373766686,-264,-2.49645390070922,0
22310,Glen Eira,Victoria,154656,160534,163025,2491,1.551696213886155,8369,5.411364576867371,0
22410,Glenelg,Victoria,20055,19908,19908,0,0.0,-147,-0.7329842931937173,0
22490,Golden Plains,Victoria,24366,26217,26620,403,1.5371705382004042,2254,9.250595091520971,0
22620,Greater Bendigo,Victoria,119958,125293,126568,1275,1.0176147111171414,6610,5.510261925007086,0
22670,Greater Dandenong,Victoria,165648,166747,168684,1937,1.1616400894768721,3036,1.832802086351782,0
22750,Greater Geelong,Victoria,266036,288676,295052,6376,2.2087045684435145,29016,10.906794569156055,0
22830,Greater Shepparton,Victoria,68474,69444,69865,421,0.6062438799608317,1391,2.031427987265239,0
22910,Hepburn,Victoria,16339,16817,17011,194,1.153594576916216,672,4.112858804088377,0
22980,Hindmarsh,Victoria,5668,5438,5447,9,0.16550202280250093,-221,-3.89908256880734,0
23110,Hobsons Bay,Victoria,95193,95324,97031,1707,1.7907347572489616,1838,1.9308142405428972,0
23190,Horsham,Victoria,20385,20267,20252,-15,-0.07401194059308235,-133,-0.6524405199901889,0
23270,Hume,Victoria,243643,270763,278885,8122,2.9996712992543295,35242,14.464606001403693,0
23350,Indigo,Victoria,17115,17618,17758,140,0.794641843569077,643,3.7569383581653524,0
23430,Kingston (Vic.),Victoria,163196,166071,168061,1990,1.1982826622348273,4865,2.981077967597245,0
23670,Knox,Victoria,163242,162956,163820,864,0.5302044723729105,578,0.3540755442839465,0
23810,Latrobe (Vic.),Victoria,76714,78474,79112,638,0.8130081300813009,2398,3.1258961858330943,0
23940,Loddon,Victoria,7657,7721,7718,-3,-0.03885507058671157,61,0.7966566540420531,0
24130,Macedon Ranges,Victoria,50894,53585,54464,879,1.6403844359428945,3570,7.0145793217275125,0
24210,Manningham,Victoria,127987,131363,132912,1549,1.1791752624407177,4925,3.8480470672802705,0
24250,Mansfield,Victoria,9792,10770,10979,209,1.9405756731662025,1187,12.122140522875817,0
24330,Maribyrnong,Victoria,89418,93723,94672,949,1.0125582834523008,5254,5.87577445257107,0
24410,Maroondah,Victoria,118295,119072,120247,1175,0.986797903789304,1952,1.6501120081153051,0
24600,Melbourne,Victoria,170589,187565,194481,6916,3.6872550849039003,23892,14.005592388723775,0
24650,Melton,Victoria,173566,218894,231567,12673,5.789560243770957,58001,33.417259140615094,0
24700,Merri-bek,Victoria,180030,185486,189108,3622,1.9527080210905408,9078,5.042492917847025,0
24780,Mildura,Victoria,57335,57134,57309,175,0.3062974761087969,-26,-0.04534751896747188,0
24850,Mitchell,Victoria,48073,56079,58459,2380,4.2440129103586015,10386,21.60464293886381,0
24900,Moira,Victoria,30298,30641,30866,225,0.7343102379165172,568,1.8747112020595418,0
24970,Monash,Victoria,200791,208598,211833,3235,1.5508298257893172,11042,5.499250464413246,0
25060,Moonee Valley,Victoria,126786,129224,130501,1277,0.9882065251036959,3715,2.930134241951004,0
25150,Moorabool,Victoria,36944,39709,40472,763,1.9214787579641894,3528,9.549588566478995,0
25340,Mornington Peninsula,Victoria,170186,170857,172217,1360,0.795987287614789,2031,1.193400162175502,0
25430,Mount Alexander,Victoria,19939,20717,20939,222,1.0715837235120915,1000,5.015296654797131,0
25490,Moyne,Victoria,17091,17666,17760,94,0.532095550775501,669,3.9143408811655256,0
25620,Murrindindi,Victoria,14872,15550,15648,98,0.6302250803858521,776,5.21785906401291,0
25710,Nillumbik,Victoria,64322,63528,63797,269,0.4234353356000504,-525,-0.8162059637449084,0
25810,Northern Grampians,Victoria,11805,11724,11804,80,0.6823609689525759,-1,-0.00847098686997035,0
25900,Port Phillip,Victoria,110574,112244,114434,2190,1.9511065179430527,3860,3.4908748892144628,0
25990,Pyrenees,Victoria,7544,7926,7957,31,0.3911178400201868,413,5.474549310710499,0
26080,Queenscliffe,Victoria,3095,3283,3317,34,1.0356381358513556,222,7.172859450726979,0
26170,South Gippsland,Victoria,30272,30937,31109,172,0.555968581310405,837,2.764931289640592,0
26260,Southern Grampians,Victoria,16506,16450,16483,33,0.2006079027355623,-23,-0.13934326911426148,0
26350,Stonnington,Victoria,112610,113360,114789,1429,1.2605857445306987,2179,1.9349968919278926,0
26430,Strathbogie,Victoria,11158,11695,11839,144,1.2312954253954682,681,6.1032443090159525,0
26490,Surf Coast,Victoria,35827,39834,40265,431,1.0819902595772455,4438,12.38730566332654,0
26610,Swan Hill,Victoria,21499,20931,20962,31,0.14810568056949022,-537,-2.497790594911391,0
26670,Towong,Victoria,6170,6143,6158,15,0.24418036789842099,-12,-0.1944894651539708,0
26700,Wangaratta,Victoria,29517,30038,30089,51,0.16978493907716893,572,1.9378663143273367,0
26730,Warrnambool,Victoria,35418,35898,36255,357,0.994484372388434,837,2.363205149923768,0
26810,Wellington,Victoria,45105,46277,46551,274,0.592086781770642,1446,3.2058530096441635,0
26890,West Wimmera,Victoria,3994,3903,3915,12,0.3074558032282859,-79,-1.9779669504256383,0
26980,Whitehorse,Victoria,176794,182809,185256,2447,1.3385555415761805,8462,4.786361528106157,0
27070,Whittlesea,Victoria,231040,252438,259759,7321,2.9001180487882174,28719,12.430315096952908,0
27170,Wodonga,Victoria,42666,44203,44717,514,1.162817003370812,2051,4.807106361036891,0
27260,Wyndham,Victoria,287292,335320,347830,12510,3.730764642729333,60538,21.07194074321596,0
27350,Yarra,Victoria,96662,99922,101356,1434,1.4351193931266388,4694,4.856096501210403,0
27450,Yarra Ranges,Victoria,158876,159779,160906,1127,0.7053492636704448,2030,1.2777260253279288,0
27630,Yarriambiack,Victoria,6641,6311,6295,-16,-0.2535255902392648,-346,-5.210058726095468,0
29399,Unincorporated Vic,Victoria,934,945,917,-28,-2.9629629629629632,-17,-1.8201284796573876,1
30250,Aurukun,Queensland,1196,1158,1165,7,0.6044905008635579,-31,-2.591973244147157,0
30300,Balonne,Queensland,4392,4345,4350,5,0.11507479861910241,-42,-0.9562841530054645,0
30370,Banana,Queensland,14587,15040,15144,104,0.6914893617021276,557,3.818468499348735,0
30410,Barcaldine,Queensland,2862,2910,2937,27,0.9278350515463918,75,2.6205450733752618,0
30450,Barcoo,Queensland,302,315,321,6,1.9047619047619049,19,6.291390728476822,0
30760,Blackall Tambo,Queensland,1919,1962,1975,13,0.6625891946992865,56,2.918186555497655,0
30900,Boulia,Queensland,458,481,489,8,1.6632016632016633,31,6.768558951965066,0
31000,Brisbane,Queensland,1263500,1353837,1375301,21464,1.585419810508946,111801,8.848516026909378,0
31750,Bulloo,Queensland,340,345,347,2,0.5797101449275363,7,2.0588235294117645,0
31820,Bundaberg,Queensland,98883,105895,107297,1402,1.323952972283866,8414,8.509046044314998,0
31900,Burdekin,Queensland,16934,17134,17220,86,0.501925995097467,286,1.6889098854375812,0
31950,Burke,Queensland,415,444,449,5,1.1261261261261262,34,8.19277108433735,0
32080,Cairns,Queensland,168710,177573,179334,1761,0.9917048199895254,10624,6.297196372473475,0
32250,Carpentaria,Queensland,2118,2220,2247,27,1.2162162162162162,129,6.090651558073654,0
32260,Cassowary Coast,Queensland,29608,30365,30666,301,0.991272847027828,1058,3.573358551742772,0
32270,Central Highlands (Qld),Queensland,28524,29301,29481,180,0.6143135046585441,957,3.355069415229281,0
32310,Charters Towers,Queensland,11923,12030,12088,58,0.48212801330008315,165,1.383879895999329,0
32330,Cherbourg,Queensland,1220,1274,1289,15,1.1773940345368918,69,5.655737704918033,0
32450,Cloncurry,Queensland,3528,3882,3907,25,0.6439979392065945,379,10.742630385487528,0
32500,Cook,Queensland,4579,4825,4876,51,1.0569948186528497,297,6.486132343306399,0
32600,Croydon,Queensland,269,270,273,3,1.1111111111111112,4,1.486988847583643,0
32750,Diamantina,Queensland,273,264,265,1,0.3787878787878788,-8,-2.93040293040293,0
32770,Doomadgee,Queensland,1459,1471,1484,13,0.8837525492861998,25,1.7135023989033584,0
32810,Douglas,Queensland,12371,13038,13169,131,1.0047553305721737,798,6.450569881173712,0
33100,Etheridge,Queensland,731,721,727,6,0.8321775312066574,-4,-0.5471956224350205,0
33200,Flinders (Qld),Queensland,1509,1539,1545,6,0.3898635477582846,36,2.3856858846918487,0
33220,Fraser Coast,Queensland,109938,120351,122924,2573,2.1379132703508903,12986,11.812112281467737,0
33360,Gladstone,Queensland,63890,67949,69046,1097,1.6144461287141827,5156,8.070120519643137,0
33430,Gold Coast,Queensland,626342,679286,691230,11944,1.7583168208972364,64888,10.359835361511761,0
33610,Goondiwindi,Queensland,10516,10457,10438,-19,-0.18169647126326863,-78,-0.7417268923545074,0
33620,Gympie,Queensland,53021,57317,58487,1170,2.0412792016330235,5466,10.309122800399843,0
33800,Hinchinbrook,Queensland,10911,11130,11194,64,0.5750224618149147,283,2.5937127669324536,0
33830,Hope Vale,Queensland,1007,1057,1073,16,1.5137180700094608,66,6.554121151936444,0
33960,Ipswich,Queensland,226778,259134,268272,9138,3.526360878927505,41494,18.29718932171551,0
33980,Isaac,Queensland,22141,23159,23186,27,0.11658534479036227,1045,4.719750688767445,0
34420,Kowanyama,Queensland,1076,1147,1155,8,0.6974716652136007,79,7.342007434944238,0
34530,Livingstone,Queensland,39206,42774,43668,894,2.0900547061298917,4462,11.380911085038004,0
34570,Lockhart River,Queensland,673,686,702,16,2.3323615160349855,29,4.3090638930163445,0
34580,Lockyer Valley,Queensland,41366,44983,46058,1075,2.3897916990863215,4692,11.342648551950878,0
34590,Logan,Queensland,343821,391566,403515,11949,3.0515928349243806,59694,17.36194124268151,0
34710,Longreach,Queensland,3651,3745,3741,-4,-0.1068090787716956,90,2.4650780608052587,0
34770,Mackay,Queensland,121395,128139,129253,1114,0.8693684202311553,7858,6.4730837349149475,0
34800,McKinlay,Queensland,828,849,850,1,0.11778563015312131,22,2.657004830917874,0
34830,Mapoon,Queensland,418,486,494,8,1.646090534979424,76,18.181818181818183,0
34860,Maranoa,Queensland,12891,13336,13370,34,0.2549490101979604,479,3.715770692731363,0
34880,Mareeba,Queensland,23010,23940,24205,265,1.1069340016708438,1195,5.1933941764450235,0
35010,Moreton Bay,Queensland,476622,521494,532445,10951,2.099928282971616,55823,11.712216389507828,0
35250,Mornington,Queensland,1093,1087,1099,12,1.1039558417663293,6,0.5489478499542544,0
35300,Mount Isa,Queensland,19315,18725,18585,-140,-0.7476635514018692,-730,-3.779446026404349,0
35600,Murweh,Queensland,4106,3988,4004,16,0.4012036108324975,-102,-2.484169508037019,0
35670,Napranum,Queensland,923,941,952,11,1.1689691817215728,29,3.14192849404117,0
35740,Noosa,Queensland,56662,59015,59551,536,0.9082436668643565,2889,5.0986551833680425,0
35760,North Burnett,Queensland,10206,10449,10562,113,1.0814432003062493,356,3.4881442288849698,0
35780,Northern Peninsula Area,Queensland,2891,2925,2944,19,0.6495726495726496,53,1.8332756831546178,0
35790,Palm Island,Queensland,2205,2282,2335,53,2.322524101665206,130,5.895691609977324,0
35800,Paroo,Queensland,1683,1722,1724,2,0.11614401858304298,41,2.43612596553773,0
36070,Pormpuraaw,Queensland,672,645,650,5,0.7751937984496124,-22,-3.273809523809524,0
36150,Quilpie,Queensland,721,714,720,6,0.8403361344537815,-1,-0.13869625520110956,0
36250,Redland,Queensland,160418,169940,172831,2891,1.701188654819348,12413,7.737909710880325,0
36300,Richmond,Queensland,769,785,788,3,0.3821656050955414,19,2.4707412223667102,0
36370,Rockhampton,Queensland,82352,85170,85794,624,0.7326523423740754,3442,4.17961919564795,0
36510,Scenic Rim,Queensland,43255,45944,46947,1003,2.1830924603865576,3692,8.535429430123685,0
36580,Somerset,Queensland,25322,26516,26936,420,1.583949313621964,1614,6.373904114998815,0
36630,South Burnett,Queensland,32952,34683,35111,428,1.2340339647666003,2159,6.551954357853848,0
36660,Southern Downs,Queensland,36393,37736,38064,328,0.8691965232139072,1671,4.591542329568873,0
36720,Sunshine Coast,Queensland,338389,374298,381957,7659,2.046230543577577,43568,12.87512300931768,0
36820,Tablelands,Queensland,26309,27575,27902,327,1.1858567543064369,1593,6.054962180242502,0
36910,Toowoomba,Queensland,173562,184075,186276,2201,1.1957082710851556,12714,7.325336191101739,0
36950,Torres,Queensland,3589,3485,3490,5,0.1434720229555237,-99,-2.758428531624408,0
36960,Torres Strait Island,Queensland,4355,4278,4298,20,0.46750818139317435,-57,-1.3088404133180254,0
37010,Townsville,Queensland,194679,203972,206260,2288,1.1217225893750122,11581,5.9487669445600195,0
37300,Weipa,Queensland,4143,4268,4297,29,0.6794751640112464,154,3.7171132029930005,0
37310,Western Downs,Queensland,34390,35237,35452,215,0.6101540993841701,1062,3.0881070078511192,0
37340,Whitsunday,Queensland,37105,40639,41374,735,1.8086074952631708,4269,11.505187980056595,0
37400,Winton,Queensland,1130,1138,1152,14,1.2302284710017575,22,1.9469026548672566,0
37550,Woorabinda,Queensland,1020,1083,1087,4,0.3693444136657433,67,6.568627450980393,0
37570,Wujal Wujal,Queensland,287,297,301,4,1.3468013468013467,14,4.878048780487805,0
37600,Yarrabah,Queensland,2606,2654,2669,15,0.5651846269781462,63,2.417498081350729,0
40070,Adelaide,South Australia,25964,29246,30173,927,3.1696642275866784,4209,16.21090741026036,0
40120,Adelaide Hills,South Australia,40969,42448,42875,427,1.0059366754617414,1906,4.6522980790353685,0
40150,Adelaide Plains,South Australia,9677,11307,11736,429,3.794109843459804,2059,21.277255347731735,0
40220,Alexandrina,South Australia,28400,30946,31427,481,1.5543204291346215,3027,10.658450704225352,0
40250,Anangu Pitjantjatjara Yankunytjatjara,South Australia,2515,2653,2668,15,0.5653976630229929,153,6.083499005964215,0
40310,Barossa,South Australia,25325,26631,26817,186,0.6984341556832263,1492,5.891411648568608,0
40430,Barunga West,South Australia,2631,2683,2688,5,0.18635855385762207,57,2.1664766248574687,0
40520,Berri Barmera,South Australia,10800,10773,10758,-15,-0.1392369813422445,-42,-0.3888888888888889,0
40700,Burnside,South Australia,46415,47928,48257,329,0.6864463361709231,1842,3.968544651513519,0
40910,Campbelltown (SA),South Australia,54884,58097,58826,729,1.2547980102242802,3942,7.182421106333357,0
41010,Ceduna,South Australia,3616,3754,3757,3,0.07991475759190196,141,3.8993362831858405,0
41060,Charles Sturt,South Australia,122119,129441,130841,1400,1.08157384445423,8722,7.142213742333298,0
41140,Clare and Gilbert Valleys,South Australia,9379,9446,9467,21,0.22231632437010374,88,0.9382663396950635,0
41190,Cleve,South Australia,1777,1761,1771,10,0.5678591709256104,-6,-0.3376477208778841,0
41330,Coober Pedy,South Australia,1689,1542,1526,-16,-1.0376134889753565,-163,-9.650680876258141,0
41560,Copper Coast,South Australia,15109,16336,16601,265,1.6221841332027425,1492,9.874908994638957,0
41750,Elliston,South Australia,1046,1054,1057,3,0.2846299810246679,11,1.0516252390057361,0
41830,Flinders Ranges,South Australia,1673,1678,1662,-16,-0.9535160905840285,-11,-0.657501494321578,0
41960,Franklin Harbour,South Australia,1305,1359,1367,8,0.5886681383370125,62,4.75095785440613,0
42030,Gawler,South Australia,24770,27208,27564,356,1.308438694501617,2794,11.279773920064594,0
42110,Goyder,South Australia,4136,4145,4141,-4,-0.09650180940892641,5,0.12088974854932302,0
42250,Grant,South Australia,8763,9166,9223,57,0.6218634082478726,460,5.2493438320209975,0
42600,Holdfast Bay,South Australia,37724,39351,39683,332,0.8436888516174937,1959,5.192980595907115,0
42750,Kangaroo Island,South Australia,4925,5172,5212,40,0.7733952049497294,287,5.8274111675126905,0
43080,Karoonda East Murray,South Australia,1056,1030,1026,-4,-0.3883495145631068,-30,-2.840909090909091,0
43220,Kimba,South Australia,1056,1067,1064,-3,-0.28116213683223995,8,0.7575757575757576,0
43360,Kingston (SA),South Australia,2359,2417,2420,3,0.12412081092263137,61,2.585841458245019,0
43650,Light,South Australia,15843,17053,17317,264,1.548114701225591,1474,9.30379347345831,0
43710,Lower Eyre,South Australia,5947,6226,6268,42,0.6745904272406039,321,5.397679502270052,0
43790,Loxton Waikerie,South Australia,11861,11980,11971,-9,-0.07512520868113523,110,0.927409156057668,0
44000,Maralinga Tjarutja,South Australia,93,102,102,0,0.0,9,9.67741935483871,0
44060,Marion,South Australia,95256,100009,101229,1220,1.2198902098811106,5973,6.270471151423532,0
44210,Mid Murray,South Australia,9268,9600,9674,74,0.7708333333333334,406,4.380664652567976,0
44340,Mitcham,South Australia,68175,70585,71267,682,0.9662109513352696,3092,4.535386872020535,0
44550,Mount Barker,South Australia,38206,43711,45111,1400,3.2028551165610484,6905,18.073077527089985,0
44620,Mount Gambier,South Australia,27565,28016,28057,41,0.14634494574528842,492,1.7848721204425901,0
44830,Mount Remarkable,South Australia,2910,2871,2861,-10,-0.34831069313827934,-49,-1.6838487972508591,0
45040,Murray Bridge,South Australia,22268,23322,23539,217,0.9304519337964154,1271,5.7077420513741695,0
45090,Naracoorte Lucindale,South Australia,8867,8949,8930,-19,-0.21231422505307856,63,0.7104996052779972,0
45120,Northern Areas,South Australia,4622,4680,4688,8,0.17094017094017094,66,1.4279532669839896,0
45290,Norwood Payneham and St Peters,South Australia,37958,40184,40845,661,1.6449333067887717,2887,7.605774803730439,0
45340,Onkaparinga,South Australia,174948,183239,184827,1588,0.866627737544955,9879,5.64682076960011,0
45400,Orroroo Carrieton,South Australia,893,891,884,-7,-0.7856341189674524,-9,-1.007838745800672,0
45540,Peterborough,South Australia,1681,1694,1701,7,0.4132231404958678,20,1.189767995240928,0
45680,Playford,South Australia,98458,111433,115790,4357,3.9099728087729844,17332,17.603445123809138,0
45890,Port Adelaide Enfield,South Australia,132967,141372,143022,1650,1.1671335200746966,10055,7.562026668271075,0
46090,Port Augusta,South Australia,14389,14458,14469,11,0.0760824457048001,80,0.5559802627006741,0
46300,Port Lincoln,South Australia,14773,15067,15065,-2,-0.013274042609676776,292,1.9765788939281121,0
46450,Port Pirie,South Australia,17742,17672,17664,-8,-0.04526935264825713,-78,-0.439634764964491,0
46510,Prospect,South Australia,22234,23342,23459,117,0.501242395681604,1225,5.5095799226410005,0
46670,Renmark Paringa,South Australia,9988,10213,10274,61,0.5972779790463135,286,2.8634361233480177,0
46860,Robe,South Australia,1526,1620,1621,1,0.06172839506172839,95,6.225425950196593,0
46970,Roxby Downs,South Australia,4137,4099,4089,-10,-0.24396194193705784,-48,-1.160261058738216,0
47140,Salisbury,South Australia,147359,150637,151019,382,0.2535897555049556,3660,2.4837302098955614,0
47290,Southern Mallee,South Australia,2040,2018,2013,-5,-0.2477700693756194,-27,-1.3235294117647058,0
47490,Streaky Bay,South Australia,2219,2280,2292,12,0.5263157894736842,73,3.2897701667417754,0
47630,Tatiara,South Australia,7016,7098,7088,-10,-0.14088475626937164,72,1.0262257696693273,0
47700,Tea Tree Gully,South Australia,101613,104590,105120,530,0.5067406061764987,3507,3.451330046352337,0
47800,Coorong,South Australia,5565,5633,5627,-6,-0.10651517841292384,62,1.1141060197663972,0
47910,Tumby Bay,South Australia,2832,2955,2963,8,0.2707275803722504,131,4.625706214689266,0
47980,Unley,South Australia,39465,40436,40731,295,0.7295479275892769,1266,3.2079057392626376,0
48050,Victor Harbor,South Australia,16068,17154,17457,303,1.7663518712836657,1389,8.644510828976848,0
48130,Wakefield,South Australia,6867,6996,6993,-3,-0.04288164665523156,126,1.834862385321101,0
48260,Walkerville,South Australia,8156,8593,8673,80,0.9309903409752124,517,6.338891613536048,0
48340,Wattle Range,South Australia,12058,12367,12378,11,0.08894638958518637,320,2.653839774423619,0
48410,West Torrens,South Australia,62573,65934,66547,613,0.929717596384263,3974,6.35098205296214,0
48540,Whyalla,South Australia,22036,21875,21720,-155,-0.7085714285714285,-316,-1.4340170629878382,0
48640,Wudinna,South Australia,1185,1169,1171,2,0.1710863986313088,-14,-1.1814345991561181,0
48750,Yankalilla,South Australia,5736,6211,6299,88,1.4168410883915632,563,9.815202231520223,0
48830,Yorke Peninsula,South Australia,11681,12161,12242,81,0.6660636460817367,561,4.802671004194846,0
49399,Unincorporated SA,South Australia,3229,3030,3001,-29,-0.957095709570957,-228,-7.061009600495509,1
50080,Albany,Western Australia,39629,41714,42308,594,1.4239823560435345,2679,6.760200863004366,0
50210,Armadale,Western Australia,94970,109625,113003,3378,3.0814139110604333,18033,18.988101505738655,0
50250,Ashburton,Western Australia,8927,8234,8335,101,1.2266213262084043,-592,-6.6315671558194245,0
50280,Augusta Margaret River,Western Australia,16792,19488,20170,682,3.499589490968801,3378,20.116722248689854,0
50350,Bassendean,Western Australia,16326,17199,17413,214,1.24425838711553,1087,6.658091387970109,0
50420,Bayswater,Western Australia,71277,76271,77383,1112,1.4579591194556254,6106,8.566578279108269,0
50490,Belmont,Western Australia,43614,47634,48221,587,1.2323130537011378,4607,10.563121933324162,0
50560,Beverley,Western Australia,1738,1804,1815,11,0.6097560975609756,77,4.430379746835443,0
50630,Boddington,Western Australia,1751,1809,1840,31,1.7136539524599224,89,5.08280982295831,0
50770,Boyup Brook,Western Australia,1833,1966,2000,34,1.7293997965412005,167,9.11074740861975,0
50840,Bridgetown-Greenbushes,Western Australia,5188,5812,5931,119,2.0474879559532,743,14.321511179645336,0
50910,Brookton,Western Australia,970,964,972,8,0.8298755186721992,2,0.2061855670103093,0
50980,Broome,Western Australia,17976,19001,19193,192,1.0104731329930003,1217,6.770137961726746,0
51080,Broomehill-Tambellup,Western Australia,1098,1105,1117,12,1.085972850678733,19,1.7304189435336976,0
51120,Bruce Rock,Western Australia,1000,1067,1073,6,0.5623242736644799,73,7.3,0
51190,Bunbury,Western Australia,33769,35349,35730,381,1.0778239837053383,1961,5.807101187479641,0
51260,Busselton,Western Australia,41059,45189,46184,995,2.2018632853127973,5125,12.482038042816434,0
51310,Cambridge,Western Australia,29743,32139,32684,545,1.6957590466411525,2941,9.888040883569243,0
51330,Canning,Western Australia,98643,107400,109028,1628,1.515828677839851,10385,10.527863102298186,0
51400,Capel,Western Australia,18492,19753,20171,418,2.1161342580873788,1679,9.07960199004975,0
51470,Carnamah,Western Australia,555,586,598,12,2.04778156996587,43,7.747747747747748,0
51540,Carnarvon,Western Australia,5491,5622,5655,33,0.5869797225186766,164,2.986705518120561,0
51610,Chapman Valley,Western Australia,1568,1702,1725,23,1.3513513513513513,157,10.012755102040815,0
51680,Chittering,Western Australia,5952,6778,7039,261,3.8506934198878726,1087,18.2627688172043,0
51710,Christmas Island,Western Australia,1758,1867,1889,22,1.1783610069630424,131,7.451649601820249,0
51750,Claremont,Western Australia,11501,12748,13091,343,2.690618136178224,1590,13.82488479262673,0
51820,Cockburn,Western Australia,119032,135690,139499,3809,2.8071339081730415,20467,17.194535923113115,0
51860,Cocos (Keeling) Islands,Western Australia,608,622,626,4,0.6430868167202572,18,2.9605263157894735,0
51890,Collie,Western Australia,8956,9440,9561,121,1.281779661016949,605,6.755247878517196,0
51960,Coolgardie,Western Australia,3546,3829,3878,49,1.2797074954296161,332,9.362662154540327,0
52030,Coorow,Western Australia,1076,1130,1149,19,1.6814159292035398,73,6.784386617100371,0
52100,Corrigin,Western Australia,1044,1043,1052,9,0.862895493767977,8,0.7662835249042145,0
52170,Cottesloe,Western Australia,8345,9021,9201,180,1.995344196873961,856,10.257639304973038,0
52240,Cranbrook,Western Australia,1122,1157,1167,10,0.864304235090752,45,4.010695187165775,0
52310,Cuballing,Western Australia,906,959,969,10,1.0427528675703857,63,6.95364238410596,0
52380,Cue,Western Australia,207,234,234,0,0.0,27,13.043478260869565,0
52450,Cunderdin,Western Australia,1358,1319,1299,-20,-1.5163002274450341,-59,-4.344624447717231,0
52520,Dalwallinu,Western Australia,1426,1469,1455,-14,-0.9530292716133424,29,2.0336605890603083,0
52590,Dandaragan,Western Australia,3395,3935,4089,154,3.9135959339263025,694,20.44182621502209,0
52660,Dardanup,Western Australia,14931,16005,16280,275,1.718213058419244,1349,9.034893845020427,0
52730,Denmark,Western Australia,6398,6734,6858,124,1.8414018414018414,460,7.189746795873711,0
52800,Derby-West Kimberley,Western Australia,8362,8570,8683,113,1.3185530921820303,321,3.8387945467591487,0
52870,Donnybrook-Balingup,Western Australia,6205,6608,6698,90,1.3619854721549636,493,7.9452054794520555,0
52940,Dowerin,Western Australia,726,739,745,6,0.8119079837618403,19,2.6170798898071626,0
53010,Dumbleyung,Western Australia,699,706,715,9,1.2747875354107647,16,2.28898426323319,0
53080,Dundas,Western Australia,698,738,735,-3,-0.40650406504065045,37,5.300859598853868,0
53150,East Fremantle,Western Australia,8035,8404,8426,22,0.2617801047120419,391,4.866210329807094,0
53220,East Pilbara,Western Australia,10533,10525,10663,138,1.3111638954869358,130,1.2342162726668566,0
53290,Esperance,Western Australia,14325,14618,14663,45,0.3078396497468874,338,2.3595113438045376,0
53360,Exmouth,Western Australia,3151,3592,3670,78,2.1714922048997773,519,16.470961599492227,0
53430,Fremantle,Western Australia,32439,36579,37542,963,2.632658082506356,5103,15.73106445944696,0
53570,Gingin,Western Australia,5611,6364,6585,221,3.4726587052168445,974,17.358759579397613,0
53640,Gnowangerup,Western Australia,1250,1278,1295,17,1.330203442879499,45,3.5999999999999996,0
53710,Goomalling,Western Australia,997,994,1002,8,0.8048289738430584,5,0.5015045135406219,0
53780,Gosnells,Western Australia,129685,141775,144475,2700,1.9044260271557045,14790,11.404557196283301,0
53800,Greater Geraldton,Western Australia,40641,42505,42882,377,0.8869544759440067,2241,5.514135971063705,0
53920,Halls Creek,Western Australia,3932,4235,4245,10,0.23612750885478156,313,7.960325534079349,0
53990,Harvey,Western Australia,29076,31613,32208,595,1.8821370954986871,3132,10.771770532397854,0
54060,Irwin,Western Australia,3730,3881,3899,18,0.4637979902087091,169,4.53083109919571,0
54130,Jerramungup,Western Australia,1162,1220,1248,28,2.2950819672131146,86,7.401032702237521,0
54170,Joondalup,Western Australia,164044,174154,176595,2441,1.4016330374266452,12551,7.650996074223988,0
54200,Kalamunda,Western Australia,60337,64040,65007,967,1.5099937539038102,4670,7.739861113412997,0
54280,Kalgoorlie-Boulder,Western Australia,30590,31195,31268,73,0.23401186087514025,678,2.216410591696633,0
54310,Karratha,Western Australia,23245,24878,25429,551,2.21480826432993,2184,9.395568939556894,0
54340,Katanning,Western Australia,4205,4319,4345,26,0.6019912016670526,140,3.329369797859691,0
54410,Kellerberrin,Western Australia,1180,1162,1146,-16,-1.376936316695353,-34,-2.8813559322033897,0
54480,Kent,Western Australia,511,529,539,10,1.890359168241966,28,5.47945205479452,0
54550,Kojonup,Western Australia,1964,1974,1985,11,0.5572441742654508,21,1.0692464358452138,0
54620,Kondinin,Western Australia,876,865,874,9,1.0404624277456647,-2,-0.228310502283105,0
54690,Koorda,Western Australia,382,373,377,4,1.0723860589812333,-5,-1.3089005235602094,0
54760,Kulin,Western Australia,792,800,805,5,0.625,13,1.6414141414141417,0
54830,Kwinana,Western Australia,46243,54906,57422,2516,4.582377153680836,11179,24.17446964946046,0
54900,Lake Grace,Western Australia,1305,1325,1337,12,0.9056603773584906,32,2.452107279693487,0
54970,Laverton,Western Australia,1377,1451,1441,-10,-0.6891798759476223,64,4.647785039941903,0
55040,Leonora,Western Australia,1661,1745,1724,-21,-1.2034383954154728,63,3.7928958458759787,0
55110,Mandurah,Western Australia,91112,103346,106827,3481,3.368296789425812,15715,17.248002458512598,0
55180,Manjimup,Western Australia,9317,9536,9621,85,0.8913590604026845,304,3.262852849629709,0
55250,Meekatharra,Western Australia,1213,1292,1292,0,0.0,79,6.512778235779059,0
55320,Melville,Western Australia,106124,113872,115945,2073,1.8204650836026415,9821,9.254268591459047,0
55390,Menzies,Western Australia,553,581,578,-3,-0.5163511187607573,25,4.520795660036167,0
55460,Merredin,Western Australia,3254,3347,3365,18,0.537795040334628,111,3.4111862323294404,0
55530,Mingenew,Western Australia,421,422,428,6,1.4218009478672986,7,1.66270783847981,0
55600,Moora,Western Australia,2380,2441,2421,-20,-0.8193363375665711,41,1.7226890756302522,0
55670,Morawa,Western Australia,668,690,703,13,1.884057971014493,35,5.239520958083832,0
55740,Mosman Park,Western Australia,9394,10338,10482,144,1.3929193267556588,1088,11.581860762188631,0
55810,Mount Magnet,Western Australia,643,698,706,8,1.146131805157593,63,9.79782270606532,0
55880,Mount Marshall,Western Australia,479,467,469,2,0.4282655246252677,-10,-2.0876826722338206,0
55950,Mukinbudin,Western Australia,580,601,594,-7,-1.1647254575707155,14,2.413793103448276,0
56090,Mundaring,Western Australia,40360,42434,43577,1143,2.693594758919734,3217,7.970763131813677,0
56160,Murchison,Western Australia,117,108,111,3,2.7777777777777777,-6,-5.128205128205128,0
56230,Murray,Western Australia,18274,20633,21447,814,3.9451364319294338,3173,17.363467221188575,0
56300,Nannup,Western Australia,1547,1700,1743,43,2.5294117647058822,196,12.669683257918551,0
56370,Narembeen,Western Australia,829,848,853,5,0.589622641509434,24,2.8950542822677927,0
56460,Narrogin,Western Australia,4987,5043,4989,-54,-1.0707911957168352,2,0.04010427110487267,0
56580,Nedlands,Western Australia,23075,25290,25711,421,1.664689600632661,2636,11.42361863488624,0
56620,Ngaanyatjarraku,Western Australia,1502,1488,1483,-5,-0.33602150537634407,-19,-1.2649800266311584,0
56730,Northam,Western Australia,11594,12452,12758,306,2.4574365563764857,1164,10.039675694324652,0
56790,Northampton,Western Australia,3279,3419,3459,40,1.16993272886809,180,5.489478499542543,0
56860,Nungarin,Western Australia,261,264,265,1,0.3787878787878788,4,1.532567049808429,0
56930,Peppermint Grove,Western Australia,1661,1793,1828,35,1.9520356943669825,167,10.054184226369657,0
57000,Perenjori,Western Australia,632,659,665,6,0.9104704097116844,33,5.2215189873417724,0
57080,Perth,Western Australia,29588,34952,35673,721,2.0628290226596473,6085,20.565769906718938,0
57140,Pingelly,Western Australia,1086,1094,1108,14,1.2797074954296161,22,2.0257826887661143,0
57210,Plantagenet,Western Australia,5410,5767,5793,26,0.450840991850182,383,7.079482439926063,0
57280,Port Hedland,Western Australia,16115,17564,17743,179,1.0191300387155546,1628,10.102389078498293,0
57350,Quairading,Western Australia,984,970,956,-14,-1.443298969072165,-28,-2.8455284552845526,0
57420,Ravensthorpe,Western Australia,2023,2294,2309,15,0.6538796861377506,286,14.137419673751852,0
57490,Rockingham,Western Australia,137931,154956,159934,4978,3.212524845762668,22003,15.952178988044746,0
57630,Sandstone,Western Australia,109,116,118,2,1.7241379310344827,9,8.256880733944955,0
57700,Serpentine-Jarrahdale,Western Australia,32437,38793,40531,1738,4.480189724950378,8094,24.95298578783488,0
57770,Shark Bay,Western Australia,1041,1171,1194,23,1.964133219470538,153,14.697406340057636,0
57840,South Perth,Western Australia,45072,48151,48745,594,1.2336192394758156,3673,8.149183528576499,0
57910,Stirling,Western Australia,232404,250869,254821,3952,1.575324173174047,22417,9.645703172062444,0
57980,Subiaco,Western Australia,17941,19609,20038,429,2.1877709215156305,2097,11.688311688311687,0
58050,Swan,Western Australia,153844,179896,187090,7194,3.9989771868190513,33246,21.610202542835598,0
58190,Tammin,Western Australia,399,399,395,-4,-1.0025062656641603,-4,-1.0025062656641603,0
58260,Three Springs,Western Australia,582,598,606,8,1.3377926421404682,24,4.123711340206185,0
58330,Toodyay,Western Australia,4611,5098,5251,153,3.0011769321302473,640,13.879852526566905,0
58400,Trayning,Western Australia,317,309,304,-5,-1.6181229773462782,-13,-4.100946372239748,0
58470,Upper Gascoyne,Western Australia,201,204,206,2,0.9803921568627451,5,2.4875621890547266,0
58510,Victoria Park,Western Australia,38260,42564,43333,769,1.806691100460483,5073,13.259278619968637,0
58540,Victoria Plains,Western Australia,847,835,825,-10,-1.1976047904191618,-22,-2.5974025974025974,0
58570,Vincent,Western Australia,37717,41707,42392,685,1.6424101469777255,4675,12.394941273165946,0
58610,Wagin,Western Australia,1781,1830,1841,11,0.6010928961748634,60,3.3688938798427848,0
58680,Wandering,Western Australia,520,549,558,9,1.639344262295082,38,7.307692307692308,0
58760,Wanneroo,Western Australia,212823,238616,246147,7531,3.156116941026587,33324,15.658082068197515,0
58820,Waroona,Western Australia,4314,4556,4665,109,2.392449517120281,351,8.136300417246176,0
58890,West Arthur,Western Australia,786,793,801,8,1.008827238335435,15,1.9083969465648856,0
59030,Westonia,Western Australia,268,248,250,2,0.8064516129032258,-18,-6.7164179104477615,0
59100,Wickepin,Western Australia,719,713,721,8,1.1220196353436185,2,0.27816411682892905,0
59170,Williams,Western Australia,1035,1069,1081,12,1.1225444340505144,46,4.444444444444445,0
59250,Wiluna,Western Australia,587,565,567,2,0.35398230088495575,-20,-3.4071550255536627,0
59310,Wongan-Ballidu,Western Australia,1341,1347,1357,10,0.7423904974016332,16,1.193139448173005,0
59320,Woodanilling,Western Australia,461,494,495,1,0.20242914979757085,34,7.37527114967462,0
59330,Wyalkatchem,Western Australia,492,494,493,-1,-0.20242914979757085,1,0.20325203252032523,0
59340,Wyndham-East Kimberley,Western Australia,7904,8380,8441,61,0.7279236276849642,537,6.794028340080972,0
59350,Yalgoo,Western Australia,358,355,356,1,0.28169014084507044,-2,-0.5586592178770949,0
59360,Yilgarn,Western Australia,1208,1215,1204,-11,-0.9053497942386831,-4,-0.33112582781456956,0
59370,York,Western Australia,3567,3661,3677,16,0.4370390603660202,110,3.083823941687693,0
60210,Break O'Day,Tasmania,6659,7146,7230,84,1.1754827875734677,571,8.574861090253792,0
60410,Brighton,Tasmania,18501,20324,20527,203,0.9988191300925015,2026,10.950759418409815,0
60610,Burnie,Tasmania,20171,20381,20420,39,0.19135469309651146,249,1.2344454910515095,0
60810,Central Coast (Tas.),Tasmania,22894,23325,23378,53,0.2272240085744909,484,2.114091028217,0
61010,Central Highlands (Tas.),Tasmania,2473,2594,2603,9,0.3469545104086353,130,5.256773150020218,0
61210,Circular Head,Tasmania,8207,8288,8286,-2,-0.02413127413127413,79,0.96259290849275,0
61410,Clarence,Tasmania,60771,63850,64119,269,0.42129992169146435,3348,5.5092066939823265,0
61510,Derwent Valley,Tasmania,10926,11430,11513,83,0.726159230096238,587,5.37250594911221,0
61610,Devonport,Tasmania,26566,26978,26994,16,0.05930758395729854,428,1.6110818339230595,0
61810,Dorset,Tasmania,6863,7006,7059,53,0.756494433342849,196,2.855893923939968,0
62010,Flinders (Tas.),Tasmania,937,940,924,-16,-1.702127659574468,-13,-1.3874066168623265,0
62210,George Town,Tasmania,7186,7367,7420,53,0.7194244604316548,234,3.2563317561925964,0
62410,Glamorgan-Spring Bay,Tasmania,4972,5303,5352,49,0.9240052800301716,380,7.642799678197908,0
62610,Glenorchy,Tasmania,50652,50687,50450,-237,-0.46757551245881585,-202,-0.39879965253099586,0
62810,Hobart,Tasmania,56208,55997,55859,-138,-0.24644177366644643,-349,-0.6209080557927696,0
63010,Huon Valley,Tasmania,18289,19712,19893,181,0.9182224025974026,1604,8.770299086882826,0
63210,Kentish,Tasmania,6583,6844,6866,22,0.3214494447691409,283,4.298951845663072,0
63410,King Island,Tasmania,1639,1659,1647,-12,-0.7233273056057866,8,0.4881025015253203,0
63610,Kingborough,Tasmania,40052,41479,41628,149,0.3592179175004219,1576,3.934884649955058,0
63810,Latrobe (Tas.),Tasmania,12301,13148,13264,116,0.8822634621235168,963,7.8286318185513375,0
64010,Launceston,Tasmania,71019,71533,71341,-192,-0.26840758810618875,322,0.4533997944212112,0
64210,Meander Valley,Tasmania,20603,21558,21739,181,0.8395955097875499,1136,5.513760132019609,0
64610,Northern Midlands,Tasmania,13661,14438,14544,106,0.7341737082698435,883,6.4636556621037995,0
64810,Sorell,Tasmania,16471,17864,18108,244,1.3658755038065382,1637,9.938680104425961,0
65010,Southern Midlands,Tasmania,6639,6953,6987,34,0.4889975550122249,348,5.241753276095797,0
65210,Tasman,Tasmania,2560,2708,2738,30,1.1078286558345642,178,6.953125,0
65410,Waratah-Wynyard,Tasmania,14341,14892,14916,24,0.16116035455278002,575,4.00948329963043,0
65610,West Coast,Tasmania,4311,4314,4320,6,0.13908205841446453,9,0.20876826722338201,0
65810,West Tamar,Tasmania,25123,26047,26136,89,0.34169002188351827,1013,4.032161764120527,0
70200,Alice Springs,Northern Territory,28029,30487,30875,388,1.2726735985830027,2846,10.15376931035713,0
70420,Barkly,Northern Territory,7228,7378,7448,70,0.9487666034155597,220,3.0437188710570005,0
70540,Belyuen,Northern Territory,167,167,167,0,0.0,0,0.0,0
70620,Central Desert,Northern Territory,4129,4155,4170,15,0.36101083032490977,41,0.9929765076289658,0
70700,Coomalie,Northern Territory,1410,1418,1448,30,2.1156558533145273,38,2.6950354609929077,0
71000,Darwin,Northern Territory,85109,88753,90035,1282,1.444458215496941,4926,5.787872022935295,0
71150,Darwin Waterfront Precinct,Northern Territory,330,322,352,30,9.316770186335404,22,6.666666666666667,0
71500,East Arnhem,Northern Territory,8154,8108,8130,22,0.2713369511593488,-24,-0.29433406916850624,0
71700,Groote Archipelago,Northern Territory,1969,2050,2095,45,2.195121951219512,126,6.399187404773997,0
72200,Katherine,Northern Territory,10716,11188,11282,94,0.8401859134787273,566,5.281821575214632,0
72300,Litchfield,Northern Territory,23111,24305,24849,544,2.2382225879448674,1738,7.520228462636839,0
72330,MacDonnell,Northern Territory,6558,6841,6978,137,2.0026311942698434,420,6.404391582799635,0
72800,Palmerston,Northern Territory,38902,42611,43193,582,1.3658445002464152,4291,11.030281219474578,0
73600,Roper Gulf,Northern Territory,7391,7534,7597,63,0.8362091850278737,206,2.7871735895007443,0
74050,Tiwi Islands,Northern Territory,2743,2756,2767,11,0.39912917271407833,24,0.8749544294567991,0
74550,Victoria Daly,Northern Territory,3196,3323,3356,33,0.9930785434848028,160,5.006257822277847,0
74560,Wagait,Northern Territory,471,494,504,10,2.0242914979757085,33,7.006369426751593,0
74660,West Arnhem,Northern Territory,7130,7534,7608,74,0.9822139633660737,478,6.704067321178122,0
74680,West Daly,Northern Territory,3422,3474,3495,21,0.6044905008635579,73,2.1332554061952074,0
79399,Unincorporated NT,Northern Territory,7263,7986,8207,221,2.767342849987478,944,12.997384001101473,1
89399,Unincorporated ACT,Australian Capital Territory,444903,478430,484630,6200,1.2959053571055326,39727,8.92936213062173,1
99399,Unincorp. Other Territories,Other Territories,2437,2506,2498,-8,-0.3192338387869114,61,2.5030775543701274,0
