LGA_CODE,STATE,AGE_5_9_2024,AGE_10_14_2024,AGE_5_14_2024,AGE_5_14_SHARE_TOTAL_PCT,AGE_5_14_2019,AGE_5_14_CHANGE_5Y,AGE_5_14_GROWTH_5Y_PCT,GIRLS_5_14_2024,GIRLS_SHARE_OF_5_14_PCT,GIRLS_5_14_2019,GIRLS_5_14_CHANGE_5Y,GIRLS_5_14_GROWTH_5Y_PCT
10050,New South Wales,3795,3666,7461,12.695684726381703,6800,661,9.720588235294118,3573,47.88902291917974,3326,247,7.426337943475645
10180,New South Wales,1623,1847,3470,11.689011655325743,3812,-342,-8.971668415529905,1694,48.81844380403459,1942,-248,-12.770339855818744
10250,New South Wales,2498,2858,5356,11.127038537446763,5271,85,1.6125972301271108,2479,46.28454070201643,2500,-21,-0.84
10300,New South Wales,136,156,292,12.943262411347517,316,-24,-7.59493670886076,145,49.65753424657534,149,-4,-2.684563758389262
10470,New South Wales,2762,2906,5668,12.595835463010289,5795,-127,-2.1915444348576356,2711,47.82992237120677,2815,-104,-3.6944937833037303
10500,New South Wales,8495,8031,16526,8.882033311655855,17091,-565,-3.305833479609151,8063,48.7897857920852,8300,-237,-2.855421686746988
10550,New South Wales,1838,2068,3906,10.643051771117166,3909,-3,-0.07674597083653108,1871,47.900665642601126,1873,-2,-0.10678056593699946
10600,New South Wales,644,929,1573,11.81640625,1688,-115,-6.812796208530806,759,48.25174825174825,822,-63,-7.664233576642336
10650,New South Wales,404,535,939,10.773290500229463,1026,-87,-8.47953216374269,478,50.905218317358894,506,-28,-5.533596837944664
10750,New South Wales,33506,32518,66024,15.02074839836925,56453,9571,16.953926274954387,32468,49.17605719132437,27320,5148,18.843338213762813
10800,New South Wales,351,366,717,13.11985361390668,780,-63,-8.076923076923077,351,48.95397489539749,388,-37,-9.536082474226804
10850,New South Wales,531,577,1108,14.263645726055612,1088,20,1.8382352941176472,534,48.194945848375454,531,3,0.5649717514124294
10900,New South Wales,4565,5030,9595,12.169137697058861,10095,-500,-4.952947003467063,4718,49.17144346013549,4930,-212,-4.300202839756592
10950,New South Wales,159,163,322,13.383208645054031,324,-2,-0.6172839506172839,159,49.378881987577635,168,-9,-5.357142857142857
11150,New South Wales,145,193,338,14.285714285714285,356,-18,-5.056179775280898,161,47.633136094674555,183,-22,-12.021857923497267
11200,New South Wales,83,103,186,13.276231263383298,241,-55,-22.821576763485478,89,47.8494623655914,112,-23,-20.535714285714285
11250,New South Wales,1017,1039,2056,11.682481959202228,2041,15,0.7349338559529642,1010,49.12451361867704,1005,5,0.4975124378109453
11300,New South Wales,1420,1645,3065,7.0700313711016785,3291,-226,-6.867213612883622,1615,52.69168026101142,1662,-47,-2.8279181708784598
11350,New South Wales,2112,2097,4209,11.051014781946595,4015,194,4.831880448318804,2104,49.98812069375148,1984,120,6.048387096774194
11400,New South Wales,893,1076,1969,14.148164115829562,2069,-100,-4.833252779120348,927,47.07973590655155,1025,-98,-9.560975609756097
11450,New South Wales,12179,10659,22838,16.167579889280606,16389,6449,39.34956373177131,11222,49.13740257465628,8060,3162,39.23076923076923
11500,New South Wales,14192,13298,27490,14.580073722453527,24622,2868,11.648119567866136,13402,48.752273554019645,12001,1401,11.674027164402967
11520,New South Wales,4293,4640,8933,9.67225007308596,9655,-722,-7.477990678404972,4447,49.78170827269674,4793,-346,-7.218860838723137
11570,New South Wales,24306,24096,48402,12.550595739715547,49567,-1165,-2.350354066213408,23404,48.35337382752779,23872,-468,-1.9604557640750668
11600,New South Wales,197,171,368,13.275613275613276,369,-1,-0.27100271002710025,197,53.53260869565217,175,22,12.571428571428573
11650,New South Wales,21150,21746,42896,12.071342942530547,43411,-515,-1.1863352606482227,20679,48.20729205520328,21062,-383,-1.8184407938467384
11700,New South Wales,91,133,224,12.612612612612612,218,6,2.7522935779816518,99,44.19642857142857,104,-5,-4.807692307692308
11720,New South Wales,4732,4440,9172,13.210047240465492,8286,886,10.692734733285059,4386,47.81945050152638,4034,352,8.72583044124938
11730,New South Wales,3008,3259,6267,11.148071723352782,6148,119,1.9355888093689007,3039,48.492101483963616,2953,86,2.9122925838130715
11750,New South Wales,268,290,558,13.897882938978828,581,-23,-3.9586919104991396,283,50.7168458781362,302,-19,-6.291390728476822
11800,New South Wales,4761,5421,10182,12.488807663530768,9954,228,2.2905364677516573,4994,49.04733844038499,4894,100,2.043318348998774
12000,New South Wales,304,348,652,14.063848144952546,616,36,5.844155844155844,322,49.38650306748466,292,30,10.273972602739725
12150,New South Wales,303,253,556,14.337287261474987,528,28,5.303030303030303,247,44.42446043165468,243,4,1.646090534979424
12160,New South Wales,636,684,1320,11.526370939573875,1429,-109,-7.6277116864940515,596,45.151515151515156,678,-82,-12.094395280235988
12350,New South Wales,717,769,1486,11.684227079729517,1535,-49,-3.1921824104234524,747,50.26917900403769,760,-13,-1.710526315789474
12380,New South Wales,15751,14892,30643,12.119570161248857,30734,-91,-0.29608902193011,14861,48.4972098032177,14987,-126,-0.8407286314806165
12390,New South Wales,3964,3904,7868,13.791652789707094,7616,252,3.308823529411765,3860,49.05948144382308,3652,208,5.695509309967141
12700,New South Wales,624,675,1299,13.106649177681366,1216,83,6.825657894736842,610,46.95919938414165,577,33,5.719237435008666
12730,New South Wales,432,531,963,11.34008478568064,1061,-98,-9.236569274269558,418,43.40602284527518,499,-81,-16.23246492985972
12750,New South Wales,1889,2089,3978,9.673418768085986,4039,-61,-1.5102748205001237,1896,47.66214177978884,1974,-78,-3.951367781155015
12850,New South Wales,11622,13477,25099,11.81229468849126,27962,-2863,-10.238895644088405,12158,48.44017689947807,13521,-1363,-10.080615339102138
12870,New South Wales,623,764,1387,10.53951367781155,1477,-90,-6.093432633716994,677,48.810382119682764,723,-46,-6.36237897648686
12900,New South Wales,601,683,1284,13.773868268611885,1343,-59,-4.393149664929263,650,50.62305295950156,658,-8,-1.21580547112462
12930,New South Wales,7666,8474,16140,9.97885521385911,17098,-958,-5.602994502280969,7838,48.56257744733581,8293,-455,-5.486554925841071
12950,New South Wales,219,315,534,12.40418118466899,590,-56,-9.491525423728813,260,48.68913857677903,293,-33,-11.262798634812286
13010,New South Wales,436,489,925,10.272071071626874,1033,-108,-10.454985479186835,461,49.83783783783784,500,-39,-7.8
13310,New South Wales,1904,2036,3940,11.830055547215133,3975,-35,-0.8805031446540881,1897,48.14720812182741,1885,12,0.636604774535809
13340,New South Wales,764,853,1617,13.867924528301886,1631,-14,-0.8583690987124464,777,48.05194805194805,776,1,0.12886597938144329
13450,New South Wales,1650,1737,3387,12.34689413823272,3615,-228,-6.3070539419087135,1667,49.21759669323885,1764,-97,-5.498866213151928
13550,New South Wales,1020,1021,2041,15.215446548382285,1899,142,7.477619799894682,961,47.084762371386574,934,27,2.890792291220557
13660,New South Wales,288,359,647,13.153079894287456,667,-20,-2.998500749625187,287,44.35857805255023,316,-29,-9.177215189873419
13800,New South Wales,4262,4358,8620,12.55845801949329,8956,-336,-3.7516748548459136,4140,48.027842227378194,4330,-190,-4.387990762124711
13850,New South Wales,153,140,293,10.219741890477852,323,-30,-9.287925696594428,156,53.242320819112635,159,-3,-1.8867924528301887
13910,New South Wales,1186,1377,2563,13.216108905275098,2596,-33,-1.2711864406779663,1231,48.02965275068279,1275,-44,-3.4509803921568625
14000,New South Wales,9806,11317,21123,13.639533532214948,21154,-31,-0.1465443887680817,10108,47.85305117644274,10222,-114,-1.1152416356877324
14100,New South Wales,728,1021,1749,12.45105716523101,1953,-204,-10.44546850998464,799,45.683247570040024,898,-99,-11.024498886414253
14170,New South Wales,8101,8480,16581,8.673295915218153,18544,-1963,-10.585634167385678,8138,49.080272601170016,9100,-962,-10.571428571428571
14220,New South Wales,1108,1280,2388,13.1715388858246,2462,-74,-3.0056864337936635,1192,49.916247906197654,1197,-5,-0.4177109440267335
14300,New South Wales,347,348,695,10.765179677819082,742,-47,-6.334231805929918,351,50.50359712230216,368,-17,-4.619565217391304
14350,New South Wales,1726,1872,3598,11.3080646175121,3633,-35,-0.9633911368015413,1768,49.13841022790439,1827,-59,-3.2293377120963327
14400,New South Wales,1287,1321,2608,11.261280711602401,2663,-55,-2.0653398422831395,1215,46.58742331288344,1284,-69,-5.373831775700935
14500,New South Wales,8276,10443,18719,14.575368491540072,18898,-179,-0.9471901788549052,9095,48.586997168652175,9116,-21,-0.23036419482229045
14550,New South Wales,483,608,1091,11.325651406623066,1116,-25,-2.240143369175627,537,49.220898258478464,567,-30,-5.291005291005291
14600,New South Wales,400,480,880,14.383785550833606,938,-58,-6.183368869936034,438,49.77272727272727,449,-11,-2.4498886414253898
14650,New South Wales,13559,14269,27828,12.527009507346587,26293,1535,5.838055756284943,13551,48.69555843035791,12776,775,6.066061365059486
14700,New South Wales,2379,2384,4763,11.182326149222895,4739,24,0.5064359569529436,2295,48.18391769892925,2272,23,1.012323943661972
14750,New South Wales,780,968,1748,15.197356981394542,1718,30,1.7462165308498252,861,49.25629290617849,868,-7,-0.8064516129032258
14850,New South Wales,2310,2874,5184,11.849142857142857,5601,-417,-7.445099089448312,2522,48.6496913580247,2682,-160,-5.965697240865026
14870,New South Wales,1054,1214,2268,10.910665319670947,2495,-227,-9.098196392785571,1132,49.91181657848324,1219,-87,-7.136997538966367
14900,New South Wales,18228,18747,36975,14.479161363841058,33875,3100,9.15129151291513,17757,48.02434077079107,16423,1334,8.122754673323996
14920,New South Wales,422,499,921,11.993749186091938,1003,-82,-8.175473579262214,417,45.27687296416938,481,-64,-13.305613305613306
14950,New South Wales,256,243,499,14.30619266055046,458,41,8.951965065502183,243,48.69739478957916,247,-4,-1.6194331983805668
15050,New South Wales,6935,7011,13946,14.197003013274697,12465,1481,11.881267549137585,6835,49.01046895167073,6059,776,12.80739395939924
15240,New South Wales,4679,5415,10094,10.221772151898733,10294,-200,-1.9428793471925394,4950,49.03903308896374,4996,-46,-0.9207365892714172
15270,New South Wales,1767,1871,3638,13.832173681609063,3473,165,4.750935790382954,1715,47.1412864211105,1707,8,0.46865846514352666
15300,New South Wales,843,916,1759,13.657892693532107,1851,-92,-4.970286331712588,832,47.299602046617395,907,-75,-8.26901874310915
15350,New South Wales,1484,1781,3265,11.149433137549515,3551,-286,-8.05406927626021,1660,50.84226646248086,1752,-92,-5.251141552511415
15520,New South Wales,751,854,1605,11.736745886654479,1494,111,7.429718875502007,813,50.654205607476634,738,75,10.16260162601626
15560,New South Wales,210,198,408,11.065907241659886,490,-82,-16.73469387755102,175,42.8921568627451,219,-44,-20.091324200913242
15650,New South Wales,1180,1240,2420,14.362017804154304,2485,-65,-2.61569416498994,1149,47.4793388429752,1166,-17,-1.4579759862778732
15700,New South Wales,1084,1176,2260,10.736342042755345,2338,-78,-3.3361847733105217,1099,48.6283185840708,1145,-46,-4.017467248908297
15750,New South Wales,807,894,1701,13.245600373773556,1878,-177,-9.424920127795527,822,48.32451499118166,964,-142,-14.730290456431536
15800,New South Wales,360,431,791,13.78048780487805,854,-63,-7.377049180327869,374,47.281921618204805,429,-55,-12.82051282051282
15850,New South Wales,410,483,893,13.888024883359254,1006,-113,-11.232604373757455,421,47.1444568868981,461,-40,-8.676789587852495
15900,New South Wales,8966,9479,18445,10.421610504666983,18612,-167,-0.8972705781216419,8905,48.27866630523177,8941,-36,-0.4026395257801141
15950,New South Wales,2616,2595,5211,7.129566288137912,5442,-231,-4.244762954796031,2536,48.666282863174054,2695,-159,-5.899814471243043
15990,New South Wales,15168,17747,32915,12.135009585606843,35811,-2896,-8.086900672977576,15970,48.518912349992405,17329,-1359,-7.8423452016850375
16100,New South Wales,299,361,660,11.808910359634996,656,4,0.6097560975609756,339,51.36363636363637,313,26,8.30670926517572
16150,New South Wales,3138,3142,6280,14.040422106957609,6322,-42,-0.6643467257197089,3016,48.02547770700637,3025,-9,-0.2975206611570248
16200,New South Wales,944,1052,1996,14.022762399887592,2128,-132,-6.203007518796992,1008,50.50100200400801,1067,-59,-5.5295220243673855
16260,New South Wales,15789,15257,31046,11.272811776068787,29386,1660,5.648948478867489,15030,48.41203375636153,14281,749,5.24473076115118
16350,New South Wales,15606,15247,30853,13.476574443735858,29627,1226,4.138117257906639,14944,48.436132628917775,14380,564,3.9221140472879004
16380,New South Wales,4710,5438,10148,11.143810946147765,10069,79,0.7845863541563214,4906,48.344501379582184,4909,-3,-0.06111224281931147
16400,New South Wales,4270,4728,8998,11.382957190567756,9218,-220,-2.386634844868735,4323,48.044009779951104,4446,-123,-2.766531713900135
16490,New South Wales,4504,4205,8709,13.074809710399496,7805,904,11.582319026265214,4212,48.36376162590424,3764,448,11.902231668437832
16550,New South Wales,6322,6861,13183,9.108559268164608,14548,-1365,-9.382733021721199,6496,49.275582189183034,7078,-582,-8.22266176886126
16610,New South Wales,1338,1670,3008,12.550066755674234,3154,-146,-4.629042485732404,1405,46.70877659574468,1571,-166,-10.566518141311267
16700,New South Wales,7052,6711,13763,9.885366239064544,13465,298,2.213145191236539,6603,47.97645862094021,6439,164,2.5469793446187294
16900,New South Wales,5129,5383,10512,12.87146897843735,9743,769,7.89284614595094,5036,47.90715372907154,4716,320,6.785411365564037
16950,New South Wales,5804,6077,11881,10.705436065632856,11927,-46,-0.38567955059948017,5752,48.41343321269254,5790,-38,-0.6563039723661486
17000,New South Wales,1707,1860,3567,13.891268790404238,3538,29,0.819672131147541,1728,48.44407064760303,1716,12,0.6993006993006993
17040,New South Wales,1132,1336,2468,11.064783680789061,2576,-108,-4.192546583850932,1168,47.3257698541329,1192,-24,-2.013422818791946
17080,New South Wales,895,1005,1900,12.625423616187122,1900,0,0.0,961,50.578947368421055,919,42,4.570184983677911
17100,New South Wales,2091,2165,4256,8.76856830871294,4348,-92,-2.1159153633854646,2077,48.80169172932331,2130,-53,-2.488262910798122
17150,New South Wales,14171,14953,29124,12.195367066981559,29393,-269,-0.9151838873201102,13919,47.792198873781075,14148,-229,-1.618603336160588
17200,New South Wales,4710,4078,8788,3.6993226888704607,8857,-69,-0.7790448233036017,4265,48.53208921256258,4374,-109,-2.4919981710105166
17310,New South Wales,4384,4633,9017,13.650745590795548,9024,-7,-0.07757092198581561,4284,47.51025840079849,4323,-39,-0.9021512838306732
17350,New South Wales,362,396,758,12.50825082508251,815,-57,-6.993865030674846,372,49.07651715039577,396,-24,-6.0606060606060606
17400,New South Wales,323,351,674,9.46629213483146,751,-77,-10.252996005326231,353,52.37388724035609,378,-25,-6.613756613756613
17420,New South Wales,15470,16943,32413,15.018325201669889,27419,4994,18.213647470731974,15627,48.21213710548237,13251,2376,17.930722209644557
17550,New South Wales,5580,6144,11724,11.685670999122877,11470,254,2.214472537053182,5653,48.21733196861139,5504,149,2.707122093023256
17620,New South Wales,856,939,1795,12.445399708798446,2029,-234,-11.53277476589453,858,47.799442896935936,972,-114,-11.728395061728394
17640,New South Wales,520,548,1068,11.979809310151431,958,110,11.482254697286013,483,45.2247191011236,462,21,4.545454545454546
17650,New South Wales,342,429,771,12.602157567832625,835,-64,-7.664670658682635,361,46.82230869001297,424,-63,-14.858490566037736
17750,New South Wales,4634,4550,9184,13.289728822388794,9061,123,1.3574660633484164,4423,48.159843205574916,4439,-16,-0.3604415408875873
17850,New South Wales,180,154,334,11.144477811144478,359,-25,-6.963788300835655,173,51.796407185628745,173,0,0.0
17900,New South Wales,383,357,740,13.413086822548486,762,-22,-2.8871391076115485,368,49.72972972972973,379,-11,-2.9023746701846966
17950,New South Wales,191,169,360,13.904982618771728,347,13,3.7463976945244957,164,45.55555555555556,187,-23,-12.299465240641712
18020,New South Wales,495,557,1052,11.342318059299192,1186,-134,-11.298482293423271,506,48.09885931558935,589,-83,-14.091680814940577
18050,New South Wales,3165,3497,6662,9.13340919373192,7356,-694,-9.43447525829255,3284,49.29450615430802,3629,-345,-9.50675117112152
18100,New South Wales,185,204,389,10.805555555555555,431,-42,-9.744779582366588,213,54.75578406169666,198,15,7.575757575757576
18200,New South Wales,541,496,1037,13.123259934193875,935,102,10.909090909090908,506,48.79459980713597,433,73,16.859122401847575
18250,New South Wales,4737,5301,10038,12.592992184265658,10594,-556,-5.24825372852558,4956,49.37238493723849,5210,-254,-4.8752399232245685
18350,New South Wales,2874,3320,6194,11.575406466081105,6300,-106,-1.6825396825396828,3015,48.676138198256375,3092,-77,-2.4902975420439843
18400,New South Wales,4339,4355,8694,14.54843621881223,7970,724,9.084065244667503,4168,47.941108810674024,3852,316,8.203530633437175
18450,New South Wales,12474,12956,25430,11.444438443952404,25880,-450,-1.7387944358578051,12296,48.35233975619347,12605,-309,-2.4514081713605713
18500,New South Wales,2480,2889,5369,9.726096880547805,5868,-499,-8.503749147920928,2650,49.35742223877817,2956,-306,-10.351826792963465
18710,New South Wales,1103,1288,2391,13.620051267445172,2494,-103,-4.1299117882919,1174,49.10079464659138,1196,-22,-1.839464882943144
19399,New South Wales,52,81,133,13.47517730496454,128,5,3.90625,70,52.63157894736842,55,15,27.27272727272727
20110,Victoria,618,748,1366,10.41555470834922,1502,-136,-9.054593874833555,645,47.218155197657396,728,-83,-11.401098901098901
20260,Victoria,636,609,1245,10.70967741935484,1243,2,0.16090104585679807,594,47.71084337349398,611,-17,-2.7823240589198037
20570,Victoria,7578,7878,15456,12.820278867608389,14220,1236,8.691983122362869,7520,48.65424430641822,6900,620,8.985507246376812
20660,Victoria,7712,7992,15704,11.945839038490796,15692,12,0.07647208768799389,7754,49.37595517065716,7647,107,1.3992415326271739
20740,Victoria,2218,2330,4548,10.462869237139966,4101,447,10.899780541331383,2228,48.98856640281443,2006,222,11.06679960119641
20830,Victoria,3826,3888,7714,12.483614648908452,7077,637,9.000989119683481,3735,48.41845994296085,3446,289,8.386535113174695
20910,Victoria,5830,7154,12984,12.268385097275896,14030,-1046,-7.455452601568069,6361,48.99106592729513,6978,-617,-8.8420750931499
21010,Victoria,660,735,1395,9.58631115997801,1512,-117,-7.738095238095238,709,50.82437275985663,718,-9,-1.2534818941504178
21110,Victoria,8748,10992,19740,11.13084665482534,21988,-2248,-10.223758413680189,9581,48.535967578520776,10696,-1115,-10.424457741211668
21180,Victoria,10829,11077,21906,11.091757891219151,24185,-2279,-9.42319619598925,10495,47.909248607687395,11700,-1205,-10.299145299145298
21270,Victoria,259,290,549,9.272082418510387,704,-155,-22.017045454545457,252,45.90163934426229,324,-72,-22.22222222222222
21370,Victoria,2013,2365,4378,11.525905644481888,4774,-396,-8.294930875576037,2134,48.743718592964825,2307,-173,-7.498916341569137
21450,Victoria,9871,9365,19236,14.786572476189743,16695,2541,15.220125786163521,9466,49.20981493033894,8137,1329,16.33280078653066
21610,Victoria,30890,29463,60353,14.931174049004472,52428,7925,15.115968566414892,29468,48.82607326893444,25600,3868,15.109375
21670,Victoria,611,778,1389,10.152024557813185,1483,-94,-6.33850303438975,661,47.58819294456443,698,-37,-5.300859598853868
21750,Victoria,1238,1304,2542,11.446325648414986,2590,-48,-1.8532818532818531,1214,47.75767112509835,1225,-11,-0.8979591836734694
21830,Victoria,800,974,1774,11.257059458087442,2069,-295,-14.258095698405027,852,48.02705749718152,976,-124,-12.704918032786885
21890,Victoria,7377,7164,14541,9.130983554056854,15674,-1133,-7.228531325762409,7160,49.24007977443092,7590,-430,-5.665349143610013
22110,Victoria,2513,2625,5138,10.44669906268426,5160,-22,-0.4263565891472868,2529,49.22148695990658,2568,-39,-1.5186915887850467
22170,Victoria,8690,8636,17326,12.007678926613579,17608,-282,-1.6015447523852793,8359,48.24541152025857,8554,-195,-2.2796352583586628
22250,Victoria,541,592,1133,10.959566647320566,1181,-48,-4.064352243861134,566,49.9558693733451,564,2,0.3546099290780142
22310,Victoria,8848,9679,18527,11.540857388465994,19270,-743,-3.8557343020238712,9148,49.37658552383009,9442,-294,-3.1137470874814657
22410,Victoria,972,1165,2137,10.73437813944143,2192,-55,-2.509124087591241,1058,49.508656995788485,1066,-8,-0.7504690431519699
22490,Victoria,1938,2038,3976,15.165732158523095,3848,128,3.3264033264033266,1902,47.83702213279678,1824,78,4.276315789473684
22620,Victoria,7671,8054,15725,12.550581437111411,15337,388,2.529829823303123,7614,48.41971383147854,7380,234,3.1707317073170733
22670,Victoria,9535,9043,18578,11.141429830821544,18578,0,0.0,9036,48.63817418451932,9004,32,0.3553976010661928
22750,Victoria,16767,16991,33758,11.694079175269161,31134,2624,8.428085051711955,16489,48.84471828899816,15172,1317,8.680464012654891
22830,Victoria,4376,4649,9025,12.996083174932318,9096,-71,-0.7805628847845206,4403,48.78670360110803,4339,64,1.4749942383037566
22910,Victoria,723,844,1567,9.317952072307783,1734,-167,-9.630911188004614,750,47.86215698787492,863,-113,-13.093858632676708
22980,Victoria,263,277,540,9.930121368150054,588,-48,-8.16326530612245,275,50.92592592592593,290,-15,-5.172413793103448
23110,Victoria,5858,5601,11459,12.021106961520708,11529,-70,-0.607164541590771,5661,49.40221659830701,5754,-93,-1.616266944734098
23190,Victoria,1293,1238,2531,12.488281442739428,2591,-60,-2.3157082207641837,1184,46.779928881864876,1238,-54,-4.361873990306947
23270,Victoria,20657,19421,40078,14.801874702230364,34105,5973,17.513561061427943,19480,48.60521982134837,16526,2954,17.87486385090161
23350,Victoria,1012,1102,2114,11.999091837893063,2192,-78,-3.5583941605839415,1041,49.24314096499527,1096,-55,-5.018248175182482
23430,Victoria,9344,9574,18918,11.391513268421338,19272,-354,-1.8368617683686177,9256,48.92694788032561,9299,-43,-0.4624153134745672
23670,Victoria,9159,9590,18749,11.505559783008911,19192,-443,-2.308253438932889,9049,48.26390740839511,9189,-140,-1.5235607791925128
23810,Victoria,4551,4886,9437,12.02563906516808,9328,109,1.16852487135506,4607,48.81848044929533,4529,78,1.7222344888496357
23940,Victoria,373,436,809,10.477917368216552,846,-37,-4.373522458628842,389,48.084054388133495,434,-45,-10.368663594470046
24130,Victoria,3654,3880,7534,14.059904824111225,7212,322,4.464780920687743,3649,48.43376692328113,3513,136,3.871335041275263
24210,Victoria,7383,8151,15534,11.825247596355139,14689,845,5.752603989379808,7578,48.783314020857475,7096,482,6.792559188275085
24250,Victoria,557,794,1351,12.544103992571959,1272,79,6.210691823899371,673,49.81495188749075,631,42,6.656101426307448
24330,Victoria,4362,4115,8477,9.0447382179401,8623,-146,-1.6931462368085353,4041,47.67016633242893,4129,-88,-2.131266650520707
24410,Victoria,7275,7218,14493,12.17162725073905,14459,34,0.23514765889757244,7044,48.602773752846204,7032,12,0.17064846416382254
24600,Victoria,3114,2830,5944,3.16903473462533,6020,-76,-1.2624584717607974,2886,48.553162853297444,2896,-10,-0.3453038674033149
24650,Victoria,18376,17051,35427,16.18454594461246,26989,8438,31.264589277112897,17446,49.24492618624213,13432,4014,29.883859440142942
24700,Victoria,8872,8290,17162,9.252450319700678,17671,-509,-2.880425555995699,8456,49.271646661228296,8544,-88,-1.0299625468164793
24780,Victoria,3463,3584,7047,12.334161795078238,7352,-305,-4.148531011969532,3456,49.042145593869726,3485,-29,-0.8321377331420373
24850,Victoria,4074,3906,7980,14.229925640614132,6360,1620,25.471698113207548,3867,48.45864661654135,3059,808,26.41386073880353
24900,Victoria,1631,1829,3460,11.292059658627329,3636,-176,-4.84048404840484,1663,48.063583815028906,1796,-133,-7.405345211581292
24970,Victoria,10385,11704,22089,10.589267394701771,21892,197,0.89987209939704,10494,47.50780931685454,10533,-39,-0.370264881800057
25060,Victoria,6659,6843,13502,10.448523494087786,13982,-480,-3.4329852667715635,6691,49.555621389423784,6776,-85,-1.254427390791027
25150,Victoria,2590,2716,5306,13.362210078319775,5050,256,5.069306930693069,2578,48.58650584244252,2408,170,7.059800664451828
25340,Victoria,9028,10177,19205,11.24039401370737,20263,-1058,-5.2213393870601585,9377,48.82582660765426,9881,-504,-5.1006983098876635
25430,Victoria,954,1056,2010,9.70217695612299,2068,-58,-2.804642166344294,986,49.0547263681592,983,3,0.3051881993896236
25490,Victoria,1067,1149,2216,12.543869579984152,2384,-168,-7.046979865771812,1088,49.09747292418773,1180,-92,-7.796610169491526
25620,Victoria,756,802,1558,10.019292604501608,1606,-48,-2.9887920298879203,687,44.094993581514764,739,-52,-7.036535859269283
25710,Victoria,3847,4371,8218,12.936028208034253,8842,-624,-7.057226871748473,4034,49.08736918958384,4335,-301,-6.9434832756632066
25810,Victoria,573,623,1196,10.201296485841011,1216,-20,-1.644736842105263,567,47.408026755852845,576,-9,-1.5625
25900,Victoria,3667,3770,7437,6.62574391504223,8126,-689,-8.478956436130938,3649,49.0654833938416,4037,-388,-9.61109734951697
25990,Victoria,381,436,817,10.307847590209438,790,27,3.4177215189873418,415,50.79559363525091,394,21,5.32994923857868
26080,Victoria,111,110,221,6.73164788303381,219,2,0.91324200913242,130,58.82352941176471,110,20,18.181818181818183
26170,Victoria,1645,1863,3508,11.339173158354074,3698,-190,-5.137912385073013,1637,46.664766248574686,1795,-158,-8.802228412256268
26260,Victoria,929,972,1901,11.556231003039514,1971,-70,-3.5514967021816335,952,50.07890583903208,946,6,0.6342494714587738
26350,Victoria,3848,4139,7987,7.045695130557515,9042,-1055,-11.667772616677727,3894,48.75422561662702,4525,-631,-13.94475138121547
26430,Victoria,551,549,1100,9.405728943993159,1090,10,0.9174311926605505,545,49.54545454545455,530,15,2.8301886792452833
26490,Victoria,2679,2683,5362,13.460862579705779,4668,694,14.867180805484148,2572,47.96717642670645,2210,362,16.380090497737555
26610,Victoria,1201,1347,2548,12.173331422292295,2732,-184,-6.734992679355783,1247,48.9403453689168,1357,-110,-8.106116433308769
26670,Victoria,322,369,691,11.248575614520592,677,14,2.06794682422452,329,47.61215629522431,338,-9,-2.6627218934911245
26700,Victoria,1732,1860,3592,11.958186297356683,3696,-104,-2.813852813852814,1798,50.055679287305125,1806,-8,-0.4429678848283499
26730,Victoria,2033,2172,4205,11.713744498300741,4304,-99,-2.300185873605948,2013,47.871581450653984,2083,-70,-3.3605376860297644
26810,Victoria,2623,2756,5379,11.623484668409793,5387,-8,-0.1485056617783553,2643,49.13552704963748,2616,27,1.0321100917431194
26890,Victoria,204,219,423,10.837817063797079,461,-38,-8.24295010845987,221,52.24586288416076,225,-4,-1.7777777777777777
26980,Victoria,9285,10183,19468,10.649366278465502,20207,-739,-3.6571485128915717,9549,49.04972262173824,9940,-391,-3.9336016096579476
27070,Victoria,18152,17035,35187,13.938868157725857,30872,4315,13.977066597564136,16965,48.21382897092676,14967,1998,13.349368610944076
27170,Victoria,2871,3112,5983,13.535280410831843,5880,103,1.751700680272109,3016,50.409493565101116,2841,175,6.159802886307638
27260,Victoria,29746,26649,56395,16.818263151616367,43082,13313,30.901536604614456,27383,48.55572302509088,20853,6530,31.314439169424062
27350,Victoria,3128,3002,6130,6.134785132403275,6304,-174,-2.760152284263959,3124,50.962479608482866,3203,-79,-2.466437714642523
27450,Victoria,10025,9962,19987,12.509153267951358,20348,-361,-1.7741301356398662,9535,47.706008905788764,9708,-173,-1.7820354346930367
27630,Victoria,312,333,645,10.22025035652036,769,-124,-16.124837451235372,276,42.7906976744186,350,-74,-21.142857142857142
29399,Victoria,30,40,70,7.4074074074074066,84,-14,-16.666666666666664,48,68.57142857142857,47,1,2.127659574468085
30250,Queensland,69,91,160,13.81692573402418,224,-64,-28.57142857142857,95,59.375,114,-19,-16.666666666666664
30300,Queensland,305,256,561,12.91139240506329,603,-42,-6.965174129353234,288,51.33689839572193,292,-4,-1.36986301369863
30370,Queensland,1042,1129,2171,14.434840425531913,2131,40,1.8770530267480057,1052,48.45693228926762,1033,19,1.8393030009680542
30410,Queensland,184,174,358,12.302405498281786,386,-28,-7.253886010362693,178,49.72067039106145,189,-11,-5.82010582010582
30450,Queensland,10,25,35,11.11111111111111,31,4,12.903225806451612,14,40.0,16,-2,-12.5
30760,Queensland,106,125,231,11.773700305810397,233,-2,-0.8583690987124464,118,51.082251082251084,114,4,3.508771929824561
30900,Queensland,43,44,87,18.08731808731809,68,19,27.941176470588236,55,63.2183908045977,34,21,61.76470588235294
31000,Queensland,75201,79178,154379,11.40307141849425,148649,5730,3.8547181615752546,75219,48.72359582585714,72219,3000,4.154031487558676
31750,Queensland,22,30,52,15.072463768115943,49,3,6.122448979591836,29,55.769230769230774,28,1,3.571428571428571
31820,Queensland,5505,6391,11896,11.233769299778082,12125,-229,-1.8886597938144332,5768,48.486886348352385,5828,-60,-1.029512697323267
31900,Queensland,902,1031,1933,11.281662192132602,2086,-153,-7.334611697027804,901,46.61148473874806,974,-73,-7.494866529774128
31950,Queensland,23,21,44,9.90990990990991,41,3,7.317073170731707,21,47.72727272727273,21,0,0.0
32080,Queensland,10589,12023,22612,12.733917881659936,23296,-684,-2.9361263736263736,10946,48.40792499557757,11361,-415,-3.652847460610862
32250,Queensland,205,137,342,15.405405405405407,308,34,11.03896103896104,179,52.33918128654971,154,25,16.233766233766232
32260,Queensland,1782,1843,3625,11.938086612876667,3690,-65,-1.7615176151761516,1690,46.62068965517241,1770,-80,-4.519774011299435
32270,Queensland,2287,2264,4551,15.53189310945019,4533,18,0.3970880211780278,2253,49.50560316413975,2181,72,3.3012379642365883
32310,Queensland,639,1018,1657,13.773898586866167,1838,-181,-9.84766050054407,775,46.77127338563669,883,-108,-12.231030577576444
32330,Queensland,135,159,294,23.076923076923077,306,-12,-3.9215686274509802,119,40.476190476190474,148,-29,-19.594594594594593
32450,Queensland,289,207,496,12.776919113858836,403,93,23.076923076923077,248,50.0,202,46,22.772277227722775
32500,Queensland,323,269,592,12.269430051813472,558,34,6.093189964157706,307,51.858108108108105,278,29,10.431654676258994
32600,Queensland,25,15,40,14.814814814814813,35,5,14.285714285714285,23,57.49999999999999,21,2,9.523809523809524
32750,Queensland,7,11,18,6.8181818181818175,26,-8,-30.76923076923077,4,22.22222222222222,12,-8,-66.66666666666666
32770,Queensland,149,150,299,20.326308633582595,324,-25,-7.716049382716049,134,44.81605351170568,138,-4,-2.898550724637681
32810,Queensland,622,698,1320,10.124252185918085,1339,-19,-1.4189693801344287,641,48.56060606060606,651,-10,-1.5360983102918586
33100,Queensland,35,41,76,10.540915395284326,82,-6,-7.317073170731707,39,51.31578947368421,43,-4,-9.30232558139535
33200,Queensland,96,83,179,11.630929174788823,161,18,11.180124223602485,91,50.83798882681564,87,4,4.597701149425287
33220,Queensland,5656,6858,12514,10.397919419032663,12682,-168,-1.3247121905062293,6106,48.79335144638006,6123,-17,-0.27764167891556424
33360,Queensland,4835,5241,10076,14.828768635300005,9756,320,3.2800328003280033,4952,49.14648670107186,4784,168,3.511705685618729
33430,Queensland,38040,40909,78949,11.62235052687675,76438,2511,3.2850153065229337,38363,48.59212909599868,37270,1093,2.932653608800644
33610,Queensland,726,761,1487,14.220139619393708,1523,-36,-2.3637557452396587,728,48.95763281775387,741,-13,-1.7543859649122806
33620,Queensland,3172,3497,6669,11.635291449308232,6647,22,0.33097638032194976,3218,48.25311141100615,3175,43,1.3543307086614174
33800,Queensland,559,613,1172,10.530098831985626,1228,-56,-4.5602605863192185,586,50.0,575,11,1.9130434782608694
33830,Queensland,112,100,212,20.056764427625353,184,28,15.217391304347828,100,47.16981132075472,72,28,38.88888888888889
33960,Queensland,19944,19735,39679,15.31215510122176,34850,4829,13.856527977044477,19112,48.16653645505179,16967,2145,12.642187776271586
33980,Queensland,1681,1589,3270,14.119780646832764,3158,112,3.546548448385054,1529,46.75840978593272,1505,24,1.5946843853820596
34420,Queensland,90,85,175,15.257192676547515,181,-6,-3.314917127071823,78,44.57142857142857,84,-6,-7.142857142857142
34530,Queensland,2510,2954,5464,12.774115116659654,5233,231,4.414293904070323,2564,46.925329428989755,2438,126,5.1681706316652996
34570,Queensland,52,71,123,17.93002915451895,131,-8,-6.106870229007633,39,31.70731707317073,61,-22,-36.0655737704918
34580,Queensland,2657,3069,5726,12.729253273458863,5654,72,1.2734347364697558,2638,46.07055536150891,2654,-16,-0.6028636021100227
34590,Queensland,28960,29251,58211,14.86620390943034,51465,6746,13.107937433207034,28377,48.748518321279484,24978,3399,13.607975018015853
34710,Queensland,235,268,503,13.43124165554072,508,-5,-0.984251968503937,228,45.32803180914513,243,-15,-6.172839506172839
34770,Queensland,8308,8932,17240,13.45413964522901,16908,332,1.9635675419919567,8436,48.932714617169374,8180,256,3.1295843520782394
34800,Queensland,65,29,94,11.071849234393403,90,4,4.444444444444445,44,46.808510638297875,44,0,0.0
34830,Queensland,50,48,98,20.16460905349794,64,34,53.125,52,53.06122448979592,34,18,52.94117647058824
34860,Queensland,916,923,1839,13.789742051589682,1843,-4,-0.2170374389582203,887,48.23273518216422,899,-12,-1.3348164627363739
34880,Queensland,1225,1502,2727,11.390977443609023,2836,-109,-3.8434414668547254,1328,48.6982031536487,1385,-57,-4.115523465703971
35010,Queensland,32801,35687,68488,13.13303700521962,66784,1704,2.5515093435553426,33305,48.628956897558695,32361,944,2.9170915608293937
35250,Queensland,64,87,151,13.891444342226311,215,-64,-29.767441860465116,77,50.993377483443716,102,-25,-24.509803921568626
35300,Queensland,1462,1374,2836,15.145527369826436,2913,-77,-2.6433230346721595,1343,47.35543018335684,1431,-88,-6.149545772187281
35600,Queensland,252,211,463,11.609829488465397,511,-48,-9.393346379647749,240,51.83585313174947,252,-12,-4.761904761904762
35670,Queensland,94,89,183,19.44739638682253,180,3,1.6666666666666667,101,55.19125683060109,88,13,14.772727272727273
35740,Queensland,2880,3550,6430,10.895535033466068,6570,-140,-2.13089802130898,3144,48.89580093312597,3189,-45,-1.4111006585136407
35760,Queensland,494,599,1093,10.460331132165757,1201,-108,-8.992506244796003,510,46.66056724611162,576,-66,-11.458333333333332
35780,Queensland,339,346,685,23.418803418803417,671,14,2.086438152011923,352,51.386861313868614,335,17,5.074626865671641
35790,Queensland,233,230,463,20.289219982471515,456,7,1.5350877192982455,258,55.72354211663067,229,29,12.663755458515283
35800,Queensland,133,107,240,13.937282229965156,221,19,8.597285067873303,112,46.666666666666664,115,-3,-2.608695652173913
36070,Queensland,47,45,92,14.263565891472869,115,-23,-20.0,37,40.21739130434783,51,-14,-27.450980392156865
36150,Queensland,63,32,95,13.305322128851541,80,15,18.75,33,34.73684210526316,34,-1,-2.941176470588235
36250,Queensland,9845,10932,20777,12.22607979286807,20751,26,0.1252951664980001,9968,47.97612744862107,9995,-27,-0.27013506753376687
36300,Queensland,64,46,110,14.012738853503185,87,23,26.436781609195403,55,50.0,49,6,12.244897959183673
36370,Queensland,5520,6241,11761,13.808852882470354,11631,130,1.1177026910841716,5879,49.98724598248449,5718,161,2.8156698146204966
36510,Queensland,2579,2906,5485,11.938446804805851,5830,-345,-5.917667238421955,2609,47.566089334548764,2827,-218,-7.711354793066855
36580,Queensland,1510,1837,3347,12.622567506411222,3592,-245,-6.820712694877505,1636,48.87959366596952,1735,-99,-5.706051873198847
36630,Queensland,1782,2097,3879,11.184153619929072,4282,-403,-9.41148995796357,1891,48.749677751997936,2065,-174,-8.426150121065374
36660,Queensland,1981,2430,4411,11.689103243587025,4699,-288,-6.1289636092785695,2171,49.217864429834506,2272,-101,-4.445422535211268
36720,Queensland,21457,24156,45613,12.186279381669152,42134,3479,8.256989604594864,22299,48.88737859820665,20374,1925,9.448316481790517
36820,Queensland,1524,1848,3372,12.228467815049864,3498,-126,-3.6020583190394513,1641,48.66548042704626,1683,-42,-2.4955436720142603
36910,Queensland,11290,12716,24006,13.041423332880619,24164,-158,-0.6538652540970038,11752,48.954428059651754,11992,-240,-2.0013342228152102
36950,Queensland,278,339,617,17.70444763271162,684,-67,-9.7953216374269,307,49.75688816855753,330,-23,-6.969696969696971
36960,Queensland,473,397,870,20.336605890603085,976,-106,-10.860655737704917,407,46.7816091954023,458,-51,-11.135371179039302
37010,Queensland,12499,13644,26143,12.816955268370167,26203,-60,-0.22898141434186925,12633,48.32268676127453,12836,-203,-1.5814895606107822
37300,Queensland,383,348,731,17.12746016869728,690,41,5.942028985507246,339,46.37482900136799,319,20,6.269592476489027
37310,Queensland,2361,2609,4970,14.104492436927094,5129,-159,-3.1000194969779686,2478,49.859154929577464,2473,5,0.20218358269308534
37340,Queensland,2289,2467,4756,11.703043874111076,4406,350,7.9437131184748075,2238,47.056349873843565,2117,121,5.715635333018422
37400,Queensland,73,72,145,12.74165202108963,127,18,14.173228346456693,89,61.37931034482759,71,18,25.352112676056336
37550,Queensland,121,157,278,25.669436749769158,219,59,26.94063926940639,141,50.719424460431654,101,40,39.603960396039604
37570,Queensland,28,22,50,16.835016835016837,52,-2,-3.8461538461538463,32,64.0,25,7,28.000000000000004
37600,Queensland,254,274,528,19.89449886963075,578,-50,-8.650519031141869,263,49.81060606060606,284,-21,-7.394366197183098
40070,South Australia,405,464,869,2.9713465089242974,947,-78,-8.236536430834214,423,48.67663981588032,471,-48,-10.191082802547772
40120,South Australia,2508,2840,5348,12.598944591029024,5414,-66,-1.2190616919098634,2633,49.23335826477187,2715,-82,-3.0202578268876614
40150,South Australia,692,736,1428,12.629344653754313,1248,180,14.423076923076922,657,46.008403361344534,569,88,15.465729349736378
40220,South Australia,1420,1596,3016,9.746009177276546,3041,-25,-0.8220979940808945,1448,48.01061007957559,1505,-57,-3.7873754152823924
40250,South Australia,230,199,429,16.170373162457597,390,39,10.0,230,53.613053613053616,198,32,16.161616161616163
40310,South Australia,1490,1799,3289,12.35026848409748,3336,-47,-1.408872901678657,1562,47.491638795986624,1590,-28,-1.7610062893081762
40430,South Australia,139,141,280,10.436079016026836,264,16,6.0606060606060606,121,43.214285714285715,127,-6,-4.724409448818897
40520,South Australia,525,603,1128,10.470620996936786,1336,-208,-15.568862275449103,553,49.02482269503546,615,-62,-10.08130081300813
40700,South Australia,2676,3281,5957,12.429060257052244,5924,33,0.5570560432140446,2992,50.22662413966762,2987,5,0.16739203213927017
40910,South Australia,3161,3246,6407,11.028108163932734,6044,363,6.0059563203176705,2985,46.589667551115966,2887,98,3.394527190855559
41010,South Australia,275,270,545,14.517847629195524,456,89,19.517543859649123,271,49.72477064220184,234,37,15.81196581196581
41060,South Australia,6422,6243,12665,9.784380528580588,12232,433,3.539895356442119,6182,48.81168574812476,6002,180,2.9990003332222592
41140,South Australia,471,589,1060,11.221681134871904,1154,-94,-8.145580589254767,532,50.18867924528302,559,-27,-4.83005366726297
41190,South Australia,126,118,244,13.855763770584895,230,14,6.086956521739131,123,50.409836065573764,117,6,5.128205128205128
41330,South Australia,52,47,99,6.420233463035019,166,-67,-40.36144578313253,40,40.4040404040404,89,-49,-55.0561797752809
41560,South Australia,747,831,1578,9.659647404505387,1566,12,0.7662835249042145,771,48.85931558935361,721,50,6.934812760055478
41750,South Australia,73,81,154,14.61100569259962,156,-2,-1.282051282051282,64,41.55844155844156,68,-4,-5.88235294117647
41830,South Australia,80,71,151,8.99880810488677,159,-8,-5.031446540880504,71,47.019867549668874,79,-8,-10.126582278481013
41960,South Australia,66,91,157,11.55261221486387,162,-5,-3.0864197530864197,69,43.94904458598726,63,6,9.523809523809524
42030,South Australia,1588,1696,3284,12.069979417818288,3003,281,9.357309357309356,1614,49.14738124238733,1497,117,7.8156312625250495
42110,South Australia,203,240,443,10.687575392038601,479,-36,-7.515657620041753,197,44.46952595936794,260,-63,-24.23076923076923
42250,South Australia,469,551,1020,11.128082042330352,1149,-129,-11.22715404699739,507,49.705882352941174,537,-30,-5.58659217877095
42600,South Australia,1634,1892,3526,8.960382201214708,3614,-88,-2.4349750968456,1715,48.63868406125922,1766,-51,-2.887882219705549
42750,South Australia,290,278,568,10.982211910286157,532,36,6.7669172932330826,269,47.359154929577464,245,24,9.795918367346939
43080,South Australia,55,61,116,11.262135922330096,121,-5,-4.132231404958678,52,44.827586206896555,58,-6,-10.344827586206897
43220,South Australia,66,94,160,14.995313964386128,165,-5,-3.0303030303030303,79,49.375,78,1,1.282051282051282
43360,South Australia,97,109,206,8.522962350020686,225,-19,-8.444444444444445,97,47.0873786407767,101,-4,-3.9603960396039604
43650,South Australia,1104,1260,2364,13.862663460974609,2395,-31,-1.2943632567849688,1143,48.3502538071066,1132,11,0.9717314487632509
43710,South Australia,352,450,802,12.881464824927722,825,-23,-2.7878787878787876,377,47.0074812967581,369,8,2.168021680216802
43790,South Australia,672,728,1400,11.686143572621036,1443,-43,-2.9799029799029797,672,48.0,735,-63,-8.571428571428571
44000,South Australia,0,10,10,9.803921568627452,9,1,11.11111111111111,5,50.0,3,2,66.66666666666666
44060,South Australia,5605,5201,10806,10.805027547520723,10119,687,6.7892084198043285,5275,48.81547288543402,5043,232,4.600436248264922
44210,South Australia,427,475,902,9.395833333333334,890,12,1.348314606741573,414,45.8980044345898,432,-18,-4.166666666666666
44340,South Australia,4044,4443,8487,12.023801090883332,8515,-28,-0.3288314738696418,4137,48.7451396253093,4183,-46,-1.0996892182644036
44550,South Australia,2765,2868,5633,12.886916336848847,5018,615,12.255878836189718,2685,47.665542339783414,2458,227,9.235150528885272
44620,South Australia,1663,1746,3409,12.168046830382638,3585,-176,-4.909344490934449,1648,48.342622469932536,1707,-59,-3.456356180433509
44830,South Australia,124,129,253,8.812260536398467,297,-44,-14.814814814814813,113,44.66403162055336,131,-18,-13.740458015267176
45040,South Australia,1237,1352,2589,11.101106251607924,2704,-115,-4.252958579881657,1309,50.56006179992275,1305,4,0.30651340996168586
45090,South Australia,523,635,1158,12.93999329534026,1183,-25,-2.113271344040575,571,49.30915371329879,543,28,5.156537753222836
45120,South Australia,313,299,612,13.076923076923078,546,66,12.087912087912088,288,47.05882352941176,258,30,11.627906976744185
45290,South Australia,1848,1926,3774,9.391797730439976,3747,27,0.7205764611689351,1847,48.94011658717541,1840,7,0.3804347826086957
45340,South Australia,10563,11359,21922,11.96361036678873,21822,100,0.4582531390340024,10710,48.85503147523036,10577,133,1.257445400397088
45400,South Australia,55,54,109,12.2334455667789,95,14,14.736842105263156,55,50.45871559633027,47,8,17.02127659574468
45540,South Australia,68,91,159,9.386068476977567,161,-2,-1.2422360248447204,89,55.9748427672956,86,3,3.488372093023256
45680,South Australia,8398,8493,16891,15.157987310760726,14523,2368,16.305171107897817,8324,49.28068202001066,7042,1282,18.205055381993752
45890,South Australia,7751,7325,15076,10.664063605240075,14193,883,6.2213767350102165,7303,48.441231095781376,6948,355,5.109383995394358
46090,South Australia,817,994,1811,12.525937197399365,1898,-87,-4.5837723919915705,887,48.97846493649917,920,-33,-3.5869565217391304
46300,South Australia,932,943,1875,12.444414946571978,1926,-51,-2.64797507788162,868,46.29333333333333,915,-47,-5.136612021857923
46450,South Australia,983,1083,2066,11.690810321412403,2230,-164,-7.354260089686099,1004,48.59632139399807,1080,-76,-7.037037037037037
46510,South Australia,1308,1350,2658,11.387199040356439,2598,60,2.3094688221709005,1253,47.14070729872084,1248,5,0.4006410256410256
46670,South Australia,545,547,1092,10.692254969156958,1160,-68,-5.862068965517241,543,49.72527472527473,565,-22,-3.893805309734513
46860,South Australia,57,71,128,7.901234567901234,156,-28,-17.94871794871795,64,50.0,71,-7,-9.859154929577464
46970,South Australia,372,313,685,16.711393022688462,664,21,3.1626506024096384,330,48.175182481751825,327,3,0.9174311926605505
47140,South Australia,9450,9803,19253,12.781056446955263,19154,99,0.5168633183669207,9410,48.875499922090064,9318,92,0.9873363382700151
47290,South Australia,115,115,230,11.397423191278493,246,-16,-6.504065040650407,116,50.43478260869565,131,-15,-11.450381679389313
47490,South Australia,149,154,303,13.289473684210526,306,-3,-0.9803921568627451,163,53.79537953795379,159,4,2.515723270440252
47630,South Australia,385,466,851,11.989292758523527,917,-66,-7.197382769901854,420,49.35370152761457,445,-25,-5.617977528089887
47700,South Australia,5881,6471,12352,11.80992446696625,12252,100,0.8161932745674175,6070,49.141839378238345,5944,126,2.11978465679677
47800,South Australia,306,332,638,11.326113971240902,651,-13,-1.9969278033794162,284,44.5141065830721,305,-21,-6.885245901639345
47910,South Australia,184,187,371,12.554991539763114,323,48,14.860681114551083,188,50.673854447439346,153,35,22.875816993464053
47980,South Australia,2019,2335,4354,10.76763280245326,4474,-120,-2.682163611980331,2113,48.53008727606799,2272,-159,-6.998239436619719
48050,South Australia,733,818,1551,9.041622945085695,1475,76,5.1525423728813555,743,47.90457769181173,714,29,4.061624649859944
48130,South Australia,431,515,946,13.522012578616351,930,16,1.7204301075268817,451,47.674418604651166,449,2,0.4454342984409799
48260,South Australia,463,489,952,11.078785057605026,869,83,9.551208285385501,507,53.2563025210084,479,28,5.845511482254697
48340,South Australia,594,762,1356,10.96466402522843,1506,-150,-9.9601593625498,661,48.74631268436578,735,-74,-10.068027210884352
48410,South Australia,3038,3087,6125,9.289592622925955,5993,132,2.2025696646087103,2938,47.96734693877551,2936,2,0.06811989100817438
48540,South Australia,1282,1428,2710,12.388571428571428,2864,-154,-5.377094972067039,1274,47.011070110701105,1381,-107,-7.74800868935554
48640,South Australia,72,94,166,14.20017108639863,187,-21,-11.229946524064172,82,49.39759036144578,110,-28,-25.454545454545453
48750,South Australia,299,292,591,9.51537594590243,568,23,4.049295774647888,297,50.25380710659898,269,28,10.408921933085502
48830,South Australia,546,579,1125,9.250883973357455,1114,11,0.9874326750448833,521,46.31111111111111,520,1,0.19230769230769232
49399,South Australia,138,131,269,8.877887788778878,320,-51,-15.937499999999998,144,53.53159851301115,151,-7,-4.635761589403973
50080,Western Australia,2339,2625,4964,11.900081507407585,5079,-115,-2.2642252411892105,2411,48.56970185334408,2485,-74,-2.977867203219316
50210,Western Australia,9035,8257,17292,15.773774230330673,13596,3696,27.184466019417474,8411,48.640990053203794,6638,1773,26.709852365170235
50250,Western Australia,727,506,1233,14.974495992227348,1046,187,17.877629063097515,538,43.63341443633414,508,30,5.905511811023622
50280,Western Australia,1350,1360,2710,13.905993431855501,2320,390,16.810344827586206,1324,48.85608856088561,1125,199,17.68888888888889
50350,Western Australia,979,888,1867,10.855282283853713,1838,29,1.5778019586507073,858,45.95607927155865,854,4,0.468384074941452
50420,Western Australia,3884,3553,7437,9.750757168517524,7109,328,4.613869742579828,3578,48.11079736452871,3407,171,5.019078368065747
50490,Western Australia,2357,2255,4612,9.682159801822229,4194,418,9.966618979494516,2257,48.937554206418035,2003,254,12.680978532201697
50560,Western Australia,79,97,176,9.75609756097561,187,-11,-5.88235294117647,88,50.0,102,-14,-13.725490196078432
50630,Western Australia,128,133,261,14.427860696517413,261,0,0.0,110,42.1455938697318,122,-12,-9.836065573770492
50770,Western Australia,133,136,269,13.68260427263479,236,33,13.983050847457626,134,49.814126394052046,127,7,5.511811023622047
50840,Western Australia,301,361,662,11.390227116311081,669,-7,-1.046337817638266,300,45.31722054380665,337,-37,-10.979228486646884
50910,Western Australia,63,60,123,12.759336099585061,107,16,14.953271028037381,67,54.47154471544715,59,8,13.559322033898304
50980,Western Australia,1406,1435,2841,14.951844639755802,2825,16,0.5663716814159292,1361,47.9056670186554,1421,-60,-4.2223786066150595
51080,Western Australia,66,105,171,15.475113122171946,165,6,3.6363636363636362,85,49.707602339181285,90,-5,-5.555555555555555
51120,Western Australia,53,64,117,10.965323336457358,127,-10,-7.874015748031496,62,52.991452991452995,69,-7,-10.144927536231885
51190,Western Australia,1872,2031,3903,11.04133073071374,3895,8,0.20539152759948653,1860,47.655649500384314,1905,-45,-2.3622047244094486
51260,Western Australia,2698,3165,5863,12.974396423908473,5658,205,3.6231884057971016,2868,48.91693672181477,2765,103,3.725135623869801
51310,Western Australia,2032,2422,4454,13.858551915118703,4429,25,0.5644615037254459,2134,47.91198922317018,2174,-40,-1.8399264029438822
51330,Western Australia,6296,6976,13272,12.35754189944134,12068,1204,9.976798143851507,6463,48.696503918022906,5843,620,10.610987506417937
51400,Western Australia,1374,1596,2970,15.035690781147167,3070,-100,-3.257328990228013,1432,48.215488215488215,1501,-69,-4.596935376415723
51470,Western Australia,24,24,48,8.19112627986348,56,-8,-14.285714285714285,19,39.58333333333333,30,-11,-36.666666666666664
51540,Western Australia,339,351,690,12.273212379935966,723,-33,-4.564315352697095,322,46.666666666666664,324,-2,-0.6172839506172839
51610,Western Australia,118,133,251,14.747356051703878,279,-28,-10.03584229390681,112,44.6215139442231,149,-37,-24.832214765100673
51680,Western Australia,405,486,891,13.145470640306876,851,40,4.700352526439483,449,50.39281705948373,425,24,5.647058823529412
51710,Other Territories,95,104,199,10.658810926620246,211,-12,-5.687203791469194,91,45.7286432160804,94,-3,-3.1914893617021276
51750,Western Australia,580,767,1347,10.5663633511139,1353,-6,-0.4434589800443459,664,49.29472902746845,608,56,9.210526315789473
51820,Western Australia,8523,8087,16610,12.24113788783256,14791,1819,12.29801906564803,8148,49.05478627332932,7229,919,12.712685018674783
51860,Other Territories,53,47,100,16.077170418006432,79,21,26.582278481012654,47,47.0,32,15,46.875
51890,Western Australia,571,573,1144,12.11864406779661,1173,-29,-2.47229326513214,516,45.10489510489511,559,-43,-7.6923076923076925
51960,Western Australia,227,262,489,12.770958474797597,493,-4,-0.8113590263691683,243,49.693251533742334,243,0,0.0
52030,Western Australia,61,43,104,9.20353982300885,85,19,22.35294117647059,42,40.38461538461539,34,8,23.52941176470588
52100,Western Australia,67,65,132,12.655800575263662,139,-7,-5.0359712230215825,70,53.03030303030303,76,-6,-7.894736842105263
52170,Western Australia,436,517,953,10.564238997893803,1003,-50,-4.985044865403789,448,47.00944386149003,487,-39,-8.008213552361395
52240,Western Australia,68,71,139,12.013828867761452,160,-21,-13.125,71,51.07913669064749,78,-7,-8.974358974358974
52310,Western Australia,35,57,92,9.593326381647548,100,-8,-8.0,51,55.434782608695656,46,5,10.869565217391305
52380,Western Australia,0,7,7,2.9914529914529915,6,1,16.666666666666664,3,42.857142857142854,2,1,50.0
52450,Western Australia,100,82,182,13.798332069749812,172,10,5.813953488372093,91,50.0,87,4,4.597701149425287
52520,Western Australia,99,115,214,14.56773315180395,203,11,5.41871921182266,116,54.20560747663551,103,13,12.62135922330097
52590,Western Australia,222,191,413,10.495552731893266,344,69,20.058139534883722,180,43.583535108958834,149,31,20.80536912751678
52660,Western Australia,1099,1077,2176,13.59575132771009,2089,87,4.164672091910005,1044,47.97794117647059,1017,27,2.6548672566371683
52730,Western Australia,410,452,862,12.800712800712802,829,33,3.9806996381182147,413,47.91183294663573,396,17,4.292929292929292
52800,Western Australia,658,662,1320,15.402567094515755,1339,-19,-1.4189693801344287,651,49.31818181818181,681,-30,-4.405286343612335
52870,Western Australia,396,367,763,11.546610169491526,730,33,4.52054794520548,364,47.706422018348626,363,1,0.27548209366391185
52940,Western Australia,48,55,103,13.937753721244924,104,-1,-0.9615384615384616,49,47.57281553398058,52,-3,-5.769230769230769
53010,Western Australia,61,38,99,14.022662889518415,75,24,32.0,54,54.54545454545454,38,16,42.10526315789473
53080,Western Australia,32,22,54,7.317073170731707,63,-9,-14.285714285714285,21,38.88888888888889,32,-11,-34.375
53150,Western Australia,474,534,1008,11.99428843407901,1080,-72,-6.666666666666667,537,53.273809523809526,563,-26,-4.618117229129663
53220,Western Australia,544,472,1016,9.653206650831354,1069,-53,-4.9579045837231055,474,46.653543307086615,534,-60,-11.235955056179774
53290,Western Australia,936,1000,1936,13.243945820221645,1992,-56,-2.8112449799196786,952,49.17355371900827,990,-38,-3.8383838383838382
53360,Western Australia,258,220,478,13.307349665924276,378,100,26.455026455026452,230,48.11715481171548,182,48,26.373626373626376
53430,Western Australia,1957,1769,3726,10.186172393996555,2944,782,26.5625,1802,48.36285560923242,1463,339,23.171565276828435
53570,Western Australia,301,306,607,9.538026398491514,583,24,4.1166380789022305,279,45.96375617792422,305,-26,-8.524590163934425
53640,Western Australia,99,75,174,13.615023474178404,166,8,4.819277108433735,80,45.97701149425287,77,3,3.896103896103896
53710,Western Australia,62,71,133,13.380281690140844,133,0,0.0,71,53.383458646616546,64,7,10.9375
53780,Western Australia,9966,9603,19569,13.802856639040733,17679,1890,10.690649923638215,9586,48.98564055393735,8603,983,11.426246658142508
53800,Western Australia,2822,3026,5848,13.758381366898012,5638,210,3.7247250798155376,2897,49.53830369357045,2789,108,3.872355683040516
53920,Western Australia,312,371,683,16.127508854781585,643,40,6.2208398133748055,312,45.68081991215227,301,11,3.6544850498338874
53990,Western Australia,2119,2307,4426,14.000569386012085,4337,89,2.052109753285681,2087,47.15318572074108,2061,26,1.2615235322658904
54060,Western Australia,147,223,370,9.533625354290132,457,-87,-19.037199124726477,199,53.783783783783775,232,-33,-14.224137931034484
54130,Western Australia,93,80,173,14.18032786885246,157,16,10.191082802547772,85,49.13294797687861,75,10,13.333333333333334
54170,Western Australia,10804,11818,22622,12.989652835995727,21783,839,3.851627415874765,11018,48.7048006365485,10536,482,4.574791192103265
54200,Western Australia,4072,4330,8402,13.11992504684572,8152,250,3.0667320902845927,4073,48.476553201618664,3959,114,2.8795150290477394
54280,Western Australia,2378,2126,4504,14.438211251803173,4422,82,1.854364540931705,2147,47.668738898756665,2172,-25,-1.1510128913443831
54310,Western Australia,2159,1916,4075,16.379934078302114,3731,344,9.22004824443849,1960,48.09815950920245,1790,170,9.497206703910614
54340,Western Australia,291,294,585,13.544802037508683,567,18,3.1746031746031744,291,49.743589743589745,260,31,11.923076923076923
54410,Western Australia,54,60,114,9.81067125645439,127,-13,-10.236220472440944,52,45.614035087719294,55,-3,-5.454545454545454
54480,Western Australia,28,40,68,12.854442344045369,77,-9,-11.688311688311687,33,48.529411764705884,35,-2,-5.714285714285714
54550,Western Australia,130,148,278,14.083080040526848,280,-2,-0.7142857142857143,145,52.15827338129496,150,-5,-3.3333333333333335
54620,Western Australia,53,52,105,12.138728323699421,108,-3,-2.7777777777777777,48,45.714285714285715,47,1,2.127659574468085
54690,Western Australia,24,21,45,12.064343163538874,51,-6,-11.76470588235294,25,55.55555555555556,21,4,19.047619047619047
54760,Western Australia,53,69,122,15.25,116,6,5.172413793103448,61,50.0,56,5,8.928571428571429
54830,Western Australia,4107,3635,7742,14.100462608822351,6332,1410,22.267845862286798,3787,48.91500904159132,3030,757,24.983498349834985
54900,Western Australia,106,54,160,12.075471698113208,162,-2,-1.2345679012345678,69,43.125,86,-17,-19.767441860465116
54970,Western Australia,58,44,102,7.0296347346657475,97,5,5.154639175257731,42,41.17647058823529,53,-11,-20.754716981132077
55040,Western Australia,120,68,188,10.773638968481375,170,18,10.588235294117647,96,51.06382978723404,79,17,21.518987341772153
55110,Western Australia,5842,6081,11923,11.536972887194473,10928,995,9.105051244509516,6011,50.4151639687998,5367,644,11.999254704676728
55180,Western Australia,527,542,1069,11.21015100671141,1128,-59,-5.2304964539007095,535,50.046772684752106,560,-25,-4.464285714285714
55250,Western Australia,69,40,109,8.436532507739939,121,-12,-9.917355371900827,53,48.62385321100918,63,-10,-15.873015873015872
55320,Western Australia,6608,7160,13768,12.09076858226781,12880,888,6.894409937888199,6702,48.678094131319,6301,401,6.364069195365815
55390,Western Australia,14,9,23,3.9586919104991396,37,-14,-37.83783783783784,16,69.56521739130434,15,1,6.666666666666667
55460,Western Australia,193,260,453,13.53450851508814,433,20,4.618937644341801,234,51.65562913907284,208,26,12.5
55530,Western Australia,32,25,57,13.507109004739338,42,15,35.714285714285715,32,56.14035087719298,15,17,113.33333333333333
55600,Western Australia,131,171,302,12.371978697255223,359,-57,-15.87743732590529,139,46.026490066225165,191,-52,-27.225130890052355
55670,Western Australia,42,43,85,12.318840579710146,105,-20,-19.047619047619047,36,42.35294117647059,46,-10,-21.73913043478261
55740,Western Australia,528,672,1200,11.607661056297156,1185,15,1.2658227848101267,643,53.583333333333336,669,-26,-3.8863976083707024
55810,Western Australia,55,57,112,16.045845272206304,82,30,36.58536585365854,53,47.32142857142857,37,16,43.24324324324324
55880,Western Australia,36,32,68,14.5610278372591,54,14,25.925925925925924,34,50.0,22,12,54.54545454545454
55950,Western Australia,42,32,74,12.312811980033278,72,2,2.7777777777777777,26,35.13513513513514,33,-7,-21.21212121212121
56090,Western Australia,2375,2541,4916,11.585049724277702,4855,61,1.2564366632337796,2342,47.640358014646054,2333,9,0.3857693956279469
56160,Western Australia,7,6,13,12.037037037037036,19,-6,-31.57894736842105,10,76.92307692307693,7,3,42.857142857142854
56230,Western Australia,1185,1376,2561,12.412155285222703,2349,212,9.025117071094083,1221,47.676688793440064,1203,18,1.4962593516209477
56300,Western Australia,67,91,158,9.294117647058824,162,-4,-2.4691358024691357,79,50.0,88,-9,-10.227272727272728
56370,Western Australia,70,34,104,12.264150943396226,87,17,19.54022988505747,49,47.11538461538461,46,3,6.521739130434782
56460,Western Australia,253,337,590,11.699385286535792,677,-87,-12.850812407680944,294,49.83050847457628,342,-48,-14.035087719298245
56580,Western Australia,1473,1833,3306,13.072360616844602,3299,7,0.2121855107608366,1595,48.24561403508772,1550,45,2.903225806451613
56620,Western Australia,91,104,195,13.104838709677418,244,-49,-20.081967213114755,98,50.256410256410255,119,-21,-17.647058823529413
56730,Western Australia,774,822,1596,12.817218117571475,1507,89,5.90577305905773,761,47.68170426065163,743,18,2.4226110363391657
56790,Western Australia,174,209,383,11.202105878911963,380,3,0.7894736842105263,174,45.43080939947781,178,-4,-2.247191011235955
56860,Western Australia,13,16,29,10.984848484848484,25,4,16.0,13,44.827586206896555,10,3,30.0
56930,Western Australia,71,123,194,10.819854991634132,235,-41,-17.4468085106383,111,57.21649484536082,151,-40,-26.490066225165563
57000,Western Australia,29,42,71,10.773899848254933,67,4,5.970149253731343,34,47.88732394366197,28,6,21.428571428571427
57080,Western Australia,607,420,1027,2.9383154039826045,957,70,7.314524555903866,516,50.243427458617326,469,47,10.021321961620469
57140,Western Australia,54,57,111,10.146252285191956,127,-16,-12.598425196850393,44,39.63963963963964,55,-11,-20.0
57210,Western Australia,317,369,686,11.895266169585573,695,-9,-1.2949640287769784,329,47.95918367346938,312,17,5.448717948717949
57280,Western Australia,1420,1226,2646,15.064905488499203,2392,254,10.618729096989966,1290,48.75283446712018,1202,88,7.321131447587355
57350,Western Australia,65,64,129,13.29896907216495,133,-4,-3.007518796992481,71,55.03875968992248,70,1,1.4285714285714286
57420,Western Australia,165,133,298,12.990409764603314,225,73,32.44444444444444,161,54.0268456375839,112,49,43.75
57490,Western Australia,10760,11249,22009,14.203386767856681,20510,1499,7.308629936616285,10675,48.50288518333409,10042,633,6.3035251941844255
57630,Western Australia,1,0,1,0.8620689655172413,0,1,,1,100.0,0,1,
57700,Western Australia,3308,3035,6343,16.35088804681257,4992,1351,27.063301282051285,3084,48.62052656471701,2421,663,27.385377942998762
57770,Western Australia,59,50,109,9.308283518360376,107,2,1.8691588785046727,45,41.284403669724774,51,-6,-11.76470588235294
57840,Western Australia,2182,2161,4343,9.019542688625366,4418,-75,-1.6976007243096423,2002,46.09716785632052,2040,-38,-1.8627450980392157
57910,Western Australia,13640,13351,26991,10.759001710055847,24802,2189,8.825901137005081,13021,48.24200659479085,12145,876,7.212844792095513
57980,Western Australia,975,1030,2005,10.224896731092866,1955,50,2.557544757033248,987,49.22693266832918,956,31,3.2426778242677825
58050,Western Australia,12989,12326,25315,14.0720193889803,21317,3998,18.754984284843083,12220,48.271775627098556,10298,1922,18.663818217129542
58190,Western Australia,18,29,47,11.779448621553884,65,-18,-27.692307692307693,26,55.319148936170215,32,-6,-18.75
58260,Western Australia,46,37,83,13.879598662207357,72,11,15.277777777777779,32,38.55421686746988,38,-6,-15.789473684210526
58330,Western Australia,227,260,487,9.552765790506081,471,16,3.397027600849257,233,47.84394250513347,216,17,7.87037037037037
58400,Western Australia,7,11,18,5.825242718446602,36,-18,-50.0,11,61.111111111111114,16,-5,-31.25
58470,Western Australia,14,17,31,15.196078431372548,37,-6,-16.216216216216218,15,48.38709677419355,16,-1,-6.25
58510,Western Australia,1870,1591,3461,8.13128465369796,3051,410,13.438216978039987,1674,48.36752383704132,1484,190,12.80323450134771
58540,Western Australia,51,52,103,12.335329341317365,104,-1,-0.9615384615384616,61,59.22330097087378,57,4,7.017543859649122
58570,Western Australia,1878,1799,3677,8.816265854652697,3309,368,11.121184647929889,1791,48.708186021212946,1588,203,12.78337531486146
58610,Western Australia,91,131,222,12.131147540983607,222,0,0.0,119,53.6036036036036,109,10,9.174311926605505
58680,Western Australia,29,28,57,10.382513661202186,50,7,14.000000000000002,30,52.63157894736842,22,8,36.36363636363637
58760,Western Australia,17122,16970,34092,14.287390619237602,31386,2706,8.621678455362265,16579,48.630177167663966,15214,1365,8.971999474168529
58820,Western Australia,244,299,543,11.918349429323968,515,28,5.436893203883495,267,49.171270718232044,264,3,1.1363636363636365
58890,Western Australia,40,51,91,11.475409836065573,104,-13,-12.5,43,47.25274725274725,49,-6,-12.244897959183673
59030,Western Australia,6,10,16,6.451612903225806,24,-8,-33.33333333333333,9,56.25,13,-4,-30.76923076923077
59100,Western Australia,49,62,111,15.568022440392706,107,4,3.7383177570093453,58,52.25225225225225,53,5,9.433962264150944
59170,Western Australia,76,87,163,15.247895229186156,136,27,19.852941176470587,75,46.012269938650306,58,17,29.310344827586203
59250,Western Australia,22,32,54,9.557522123893806,67,-13,-19.402985074626866,34,62.96296296296296,32,2,6.25
59310,Western Australia,98,78,176,13.066072754268745,192,-16,-8.333333333333332,83,47.159090909090914,95,-12,-12.631578947368421
59320,Western Australia,35,35,70,14.17004048582996,61,9,14.754098360655737,34,48.57142857142857,25,9,36.0
59330,Western Australia,16,16,32,6.477732793522267,42,-10,-23.809523809523807,10,31.25,22,-12,-54.54545454545454
59340,Western Australia,630,668,1298,15.489260143198091,1183,115,9.721048182586644,657,50.61633281972265,624,33,5.288461538461538
59350,Western Australia,10,2,12,3.3802816901408446,20,-8,-40.0,4,33.33333333333333,5,-1,-20.0
59360,Western Australia,61,39,100,8.23045267489712,99,1,1.0101010101010102,54,54.0,50,4,8.0
59370,Western Australia,170,212,382,10.434307566238733,405,-23,-5.679012345679013,196,51.30890052356021,204,-8,-3.9215686274509802
60210,Tasmania,297,353,650,9.095997760985167,617,33,5.348460291734198,300,46.15384615384615,302,-2,-0.6622516556291391
60410,Tasmania,1544,1444,2988,14.701830348356623,2824,164,5.807365439093484,1448,48.460508701472556,1372,76,5.539358600583091
60610,Tasmania,1231,1292,2523,12.379176684166627,2511,12,0.4778972520908005,1265,50.138723741577486,1280,-15,-1.171875
60810,Tasmania,1192,1367,2559,10.971061093247588,2702,-143,-5.292376017764619,1252,48.92536146932395,1295,-43,-3.3204633204633205
61010,Tasmania,117,127,244,9.406322282189668,267,-23,-8.614232209737828,141,57.786885245901644,131,10,7.633587786259542
61210,Tasmania,487,566,1053,12.70511583011583,1114,-61,-5.475763016157989,501,47.57834757834758,543,-42,-7.734806629834254
61410,Tasmania,3659,3615,7274,11.392325763508222,7221,53,0.7339703642154827,3553,48.84520208963431,3453,100,2.8960324355632783
61510,Tasmania,633,724,1357,11.872265966754156,1434,-77,-5.369595536959554,669,49.299926308032425,693,-24,-3.463203463203463
61610,Tasmania,1459,1618,3077,11.405589739787976,3310,-233,-7.039274924471299,1533,49.82125446863828,1622,-89,-5.487053020961776
61810,Tasmania,352,410,762,10.876391664287754,840,-78,-9.285714285714286,363,47.63779527559055,398,-35,-8.793969849246231
62010,Tasmania,35,40,75,7.9787234042553195,80,-5,-6.25,42,56.00000000000001,37,5,13.513513513513514
62210,Tasmania,396,391,787,10.68277453508891,847,-60,-7.083825265643448,378,48.03049555273189,416,-38,-9.134615384615383
62410,Tasmania,169,179,348,6.562323213275505,352,-4,-1.1363636363636365,164,47.12643678160919,171,-7,-4.093567251461988
62610,Tasmania,2529,2807,5336,10.527354153925069,5917,-581,-9.819165117458171,2583,48.407046476761614,2890,-307,-10.622837370242214
62810,Tasmania,2339,2690,5029,8.980838259192456,5359,-330,-6.157865273371898,2422,48.16066812487572,2618,-196,-7.4866310160427805
63010,Tasmania,1086,1186,2272,11.525974025974026,2205,67,3.0385487528344672,1089,47.931338028169016,1077,12,1.1142061281337048
63210,Tasmania,332,372,704,10.286382232612509,768,-64,-8.333333333333332,329,46.73295454545455,367,-38,-10.354223433242508
63410,Tasmania,98,102,200,12.055455093429778,184,16,8.695652173913043,104,52.0,98,6,6.122448979591836
63610,Tasmania,2418,2679,5097,12.288145808722486,5261,-164,-3.117278084014446,2486,48.773788503041004,2535,-49,-1.9329388560157792
63810,Tasmania,638,716,1354,10.29814420444174,1362,-8,-0.5873715124816447,636,46.971935007385525,664,-28,-4.216867469879518
64010,Tasmania,4084,4183,8267,11.5569038066347,8334,-67,-0.8039356851451884,4056,49.06253780089512,4017,39,0.9708737864077669
64210,Tasmania,1130,1266,2396,11.114203543928008,2439,-43,-1.7630176301763019,1129,47.12020033388982,1158,-29,-2.5043177892918824
64610,Tasmania,812,783,1595,11.0472364593434,1561,34,2.1780909673286355,762,47.774294670846395,763,-1,-0.1310615989515072
64810,Tasmania,1024,1050,2074,11.609941782355575,1973,101,5.119107957425241,1038,50.048216007714565,955,83,8.691099476439792
65010,Tasmania,387,374,761,10.944915863655975,794,-33,-4.156171284634761,355,46.64914586070959,379,-24,-6.33245382585752
65210,Tasmania,82,98,180,6.646971935007386,220,-40,-18.181818181818183,87,48.333333333333336,105,-18,-17.142857142857142
65410,Tasmania,832,911,1743,11.704270749395649,1738,5,0.28768699654775604,797,45.725760183591504,822,-25,-3.0413625304136254
65610,Tasmania,224,223,447,10.361613351877608,491,-44,-8.961303462321792,233,52.12527964205817,233,0,0.0
65810,Tasmania,1358,1598,2956,11.34871578300764,2992,-36,-1.2032085561497325,1330,44.99323410013532,1404,-74,-5.270655270655271
70200,Northern Territory,1893,1895,3788,12.424968019155706,3799,-11,-0.2895498815477757,1777,46.91129883843717,1853,-76,-4.101457096600107
70420,Northern Territory,613,603,1216,16.481431282190297,1200,16,1.3333333333333335,601,49.42434210526316,582,19,3.264604810996564
70540,Northern Territory,17,12,29,17.365269461077844,23,6,26.08695652173913,13,44.827586206896555,12,1,8.333333333333332
70620,Northern Territory,354,364,718,17.280385078219012,777,-59,-7.5933075933075935,355,49.44289693593314,388,-33,-8.505154639175258
70700,Northern Territory,64,85,149,10.507757404795488,156,-7,-4.487179487179487,74,49.664429530201346,83,-9,-10.843373493975903
71000,Northern Territory,5078,5088,10166,11.454260701046726,10199,-33,-0.32356113344445536,4917,48.36710603974031,4916,1,0.02034174125305126
71150,Northern Territory,5,8,13,4.037267080745342,17,-4,-23.52941176470588,8,61.53846153846154,7,1,14.285714285714285
71300,Northern Territory,800,749,1549,,1726,-177,-10.254924681344148,738,47.643641058747576,860,-122,-14.186046511627906
72200,Northern Territory,737,778,1515,13.541294243832677,1596,-81,-5.075187969924812,712,46.99669966996699,745,-33,-4.429530201342282
72300,Northern Territory,1378,1481,2859,11.76301172598231,2933,-74,-2.523013978861234,1423,49.772647778943686,1433,-10,-0.6978367062107467
72330,Northern Territory,533,512,1045,15.275544511036399,965,80,8.290155440414509,495,47.368421052631575,470,25,5.319148936170213
72800,Northern Territory,3350,3156,6506,15.268357935744293,6155,351,5.70268074735987,3173,48.770365816169694,3028,145,4.788639365918098
73600,Northern Territory,529,599,1128,14.972126360499072,1259,-131,-10.40508339952343,536,47.5177304964539,640,-104,-16.25
74050,Northern Territory,183,190,373,13.53410740203193,471,-98,-20.8067940552017,200,53.61930294906166,247,-47,-19.02834008097166
74550,Northern Territory,294,263,557,16.76196208245561,533,24,4.50281425891182,247,44.34470377019748,260,-13,-5.0
74560,Northern Territory,13,21,34,6.882591093117409,44,-10,-22.727272727272727,18,52.94117647058824,20,-2,-10.0
74660,Northern Territory,578,624,1202,15.954340323865146,1221,-19,-1.556101556101556,567,47.171381031613976,591,-24,-4.060913705583756
74680,Northern Territory,289,374,663,19.0846286701209,758,-95,-12.532981530343006,303,45.70135746606335,341,-38,-11.143695014662756
79399,Northern Territory,525,656,1181,14.788379664412723,1064,117,10.996240601503759,572,48.43353090601185,513,59,11.500974658869396
89399,Australian Capital Territory,28073,28619,56692,11.849591371778526,53600,3092,5.76865671641791,27618,48.715868200098775,25937,1681,6.4810887920731
99399,Other Territories,126,148,274,10.933758978451715,293,-19,-6.484641638225256,132,48.175182481751825,132,0,0.0
